City,Vegetable,Price_per_kg,Date,Transport_Mode,Distance_to_Nearest_City
Peshawar,Carrot,378.54,2024-08-22,Road,120.30487815502504
Delhi,Tomato,262.77,2024-08-09,Air,268.49677585209105
Delhi,Cabbage,202.39,2024-08-12,Sea,412.21874443199886
Mumbai,Carrot,104.99,2024-08-08,Road,60.90113047003568
Bangalore,Carrot,318.65,2024-07-27,Road,187.87533923588387
Hyderabad,Carrot,77.0,2024-08-10,Road,380.4031006831777
Peshawar,Potato,497.23,2024-08-06,Sea,142.6934700841158
Chennai,Broccoli,156.12,2024-08-10,Sea,34.76132693430397
Chennai,Capsicum,322.01,2024-08-02,Rail,77.96865331725193
Lahore,Capsicum,432.76,2024-08-16,Sea,381.6643893036734
Chennai,Spinach,94.15,2024-08-17,Air,481.0172214054529
Chennai,Broccoli,113.87,2024-08-04,Sea,61.928641011070326
Karachi,Peas,53.67,2024-07-30,Rail,184.54447680249467
Mumbai,Cauliflower,168.39,2024-08-13,Sea,272.4238208668927
Peshawar,Tomato,271.97,2024-08-22,Road,358.19858262850454
Kolkata,Carrot,378.86,2024-08-19,Air,179.62256838054984
Peshawar,Potato,476.41,2024-08-07,Road,410.45124164259425
Islamabad,Carrot,275.95,2024-08-15,Sea,456.9555560708108
Karachi,Peas,353.44,2024-08-11,Sea,297.62636202894987
Delhi,Potato,284.39,2024-08-18,Rail,77.90848439190476
Bangalore,Onion,190.45,2024-08-09,Rail,127.72880725637741
Mumbai,Peas,484.78,2024-07-29,Air,404.6044149614517
Lahore,Potato,145.51,2024-08-18,Road,380.5158874337895
Peshawar,Peas,163.01,2024-08-23,Sea,280.17682205313736
Mumbai,Capsicum,135.86,2024-08-01,Sea,173.78062270880383
Hyderabad,Onion,302.45,2024-08-22,Sea,153.69776693821993
Delhi,Capsicum,250.03,2024-08-15,Air,251.66287990654078
Kolkata,Carrot,73.35,2024-08-13,Air,164.8340027613594
Mumbai,Tomato,169.46,2024-08-22,Sea,411.9790265026013
Karachi,Capsicum,130.86,2024-07-25,Sea,39.796696177933384
Peshawar,Broccoli,333.67,2024-07-27,Rail,16.602091765585666
Kolkata,Capsicum,457.02,2024-08-13,Air,28.838338300968104
Islamabad,Carrot,343.08,2024-07-27,Air,84.87510794132889
Lahore,Carrot,72.47,2024-08-05,Rail,224.93079499193348
Karachi,Peas,413.71,2024-08-16,Air,30.667261307501647
Islamabad,Broccoli,447.83,2024-07-25,Road,400.0773685198774
Kolkata,Peas,306.27,2024-08-16,Rail,54.76143836707982
Islamabad,Cauliflower,171.49,2024-08-09,Air,115.12144687011103
Kolkata,Potato,199.55,2024-08-01,Sea,357.6505312815696
Peshawar,Capsicum,110.68,2024-08-12,Sea,225.19137017276753
Delhi,Spinach,314.17,2024-08-06,Rail,103.6377087709858
Kolkata,Capsicum,70.01,2024-08-10,Air,48.406618042403
Bangalore,Carrot,388.0,2024-08-09,Road,93.37255689749291
Lahore,Tomato,383.36,2024-08-11,Road,161.12691406531968
Chennai,Capsicum,209.37,2024-08-04,Road,338.6214422072975
Mumbai,Cabbage,364.2,2024-08-13,Air,452.0349835030749
Karachi,Broccoli,51.81,2024-08-15,Road,332.47059600325855
Peshawar,Broccoli,139.93,2024-07-30,Rail,262.4060146286107
Bangalore,Carrot,353.36,2024-07-29,Rail,163.87542188535767
Peshawar,Cauliflower,166.67,2024-08-23,Road,329.53907615725365
Islamabad,Carrot,453.4,2024-08-24,Road,279.60764764554915
Chennai,Peas,298.08,2024-08-02,Road,340.39247694983743
Chennai,Spinach,456.28,2024-08-12,Road,375.2412240435204
Delhi,Onion,190.66,2024-08-01,Road,144.88078889604313
Bangalore,Spinach,286.36,2024-08-18,Air,474.87842691941415
Mumbai,Carrot,419.11,2024-08-01,Road,11.784933976370235
Delhi,Peas,168.46,2024-08-12,Sea,424.4385674459393
Mumbai,Carrot,390.45,2024-08-13,Rail,128.6443567156993
Kolkata,Onion,142.37,2024-08-16,Sea,421.5925658597498
Delhi,Cauliflower,250.52,2024-07-26,Sea,248.75111000478415
Hyderabad,Peas,189.09,2024-08-15,Air,228.21682062370581
Lahore,Spinach,293.23,2024-07-30,Sea,108.794870871356
Karachi,Tomato,307.21,2024-08-24,Rail,167.6036844246624
Karachi,Onion,263.75,2024-08-09,Road,249.07693127650643
Lahore,Peas,302.46,2024-08-09,Sea,348.7656597454381
Bangalore,Potato,299.82,2024-07-26,Road,46.87727893999587
Lahore,Potato,74.93,2024-08-17,Air,140.65738955799802
Delhi,Tomato,315.23,2024-08-15,Air,66.67323888044272
Peshawar,Spinach,357.91,2024-07-28,Sea,39.66150603564921
Peshawar,Spinach,357.07,2024-08-15,Air,465.635481821266
Bangalore,Tomato,335.1,2024-08-09,Air,291.52969842522447
Islamabad,Cabbage,339.85,2024-08-24,Sea,273.97506958221476
Islamabad,Broccoli,459.32,2024-08-20,Rail,343.59574317952354
Bangalore,Cabbage,412.94,2024-08-08,Sea,116.31271483720138
Chennai,Potato,70.93,2024-08-09,Air,346.91259172984314
Hyderabad,Cabbage,480.63,2024-08-18,Air,292.80987185226155
Delhi,Carrot,378.81,2024-07-27,Rail,107.4834344547887
Lahore,Spinach,457.03,2024-07-30,Rail,48.0023140050929
Islamabad,Carrot,472.73,2024-08-05,Sea,212.27186948670803
Islamabad,Potato,84.98,2024-07-25,Rail,126.61158444062119
Mumbai,Onion,419.81,2024-08-10,Rail,99.84988171164996
Kolkata,Spinach,93.23,2024-08-05,Sea,314.08927283815825
Peshawar,Broccoli,464.0,2024-08-08,Rail,184.96352652042754
Bangalore,Tomato,311.46,2024-07-30,Road,443.06040892233955
Chennai,Tomato,69.18,2024-08-16,Road,183.48254615373028
Karachi,Capsicum,206.88,2024-08-22,Rail,388.06344416374316
Islamabad,Onion,202.94,2024-07-26,Sea,472.13323044302956
Peshawar,Capsicum,54.27,2024-08-14,Rail,436.9341784751128
Mumbai,Onion,214.49,2024-08-12,Air,488.54719555573837
Kolkata,Cabbage,484.71,2024-08-03,Road,407.0890887203392
Hyderabad,Cabbage,214.88,2024-08-23,Rail,325.3583359057978
Hyderabad,Peas,201.67,2024-07-25,Road,39.57939567464071
Kolkata,Cabbage,191.21,2024-08-10,Rail,27.16216847114011
Lahore,Carrot,143.65,2024-07-27,Sea,352.8080457834146
Peshawar,Potato,341.81,2024-07-27,Sea,58.55689724878463
Hyderabad,Potato,116.07,2024-08-02,Sea,266.93123408992903
Kolkata,Onion,438.2,2024-08-11,Sea,269.21870604100553
Kolkata,Potato,287.74,2024-08-11,Road,148.9068588762593
Islamabad,Potato,228.24,2024-08-24,Air,466.0284589218887
Mumbai,Tomato,153.04,2024-08-14,Rail,169.05563798723685
Karachi,Cabbage,441.62,2024-07-25,Rail,156.99711051118345
Karachi,Broccoli,53.7,2024-08-18,Sea,488.9227434465744
Mumbai,Cabbage,409.34,2024-08-09,Road,125.21472019289608
Peshawar,Peas,306.42,2024-07-26,Air,147.2355154214053
Kolkata,Tomato,205.27,2024-07-25,Sea,89.95687683502351
Kolkata,Tomato,172.33,2024-08-15,Air,210.2619309482062
Peshawar,Capsicum,372.33,2024-07-29,Air,342.3588304299555
Lahore,Cauliflower,403.93,2024-08-11,Road,410.01839578384016
Mumbai,Capsicum,224.26,2024-08-15,Rail,199.47587004105864
Lahore,Carrot,373.32,2024-08-10,Road,68.98271874986592
Delhi,Potato,217.72,2024-08-20,Sea,188.45475127714914
Islamabad,Potato,332.78,2024-08-01,Sea,474.8135159064269
Peshawar,Potato,59.02,2024-08-02,Sea,360.8713909370116
Chennai,Potato,419.71,2024-08-20,Sea,143.75687001604825
Chennai,Cabbage,435.63,2024-08-19,Road,123.95126785653034
Kolkata,Cabbage,313.08,2024-07-27,Sea,179.57209665435096
Karachi,Onion,454.84,2024-07-29,Rail,362.29784817835707
Karachi,Potato,235.85,2024-08-09,Air,447.4296217531614
Lahore,Onion,152.21,2024-08-22,Road,297.7708511215936
Islamabad,Spinach,79.04,2024-08-04,Air,27.84553926417815
Hyderabad,Spinach,474.71,2024-08-22,Rail,282.3600903851101
Kolkata,Carrot,384.42,2024-07-30,Rail,441.89139891648665
Peshawar,Carrot,177.22,2024-08-19,Road,358.40849656980464
Karachi,Onion,339.0,2024-08-12,Road,471.51961291390546
Delhi,Cauliflower,295.91,2024-08-24,Road,303.65565554193205
Lahore,Tomato,138.97,2024-08-08,Air,433.1033284953616
Karachi,Cabbage,276.84,2024-07-31,Road,197.8782245340685
Mumbai,Carrot,498.94,2024-08-06,Rail,90.03694034245765
Chennai,Peas,430.71,2024-08-18,Sea,495.11071962105024
Delhi,Capsicum,250.28,2024-08-11,Air,430.67692006580063
Mumbai,Peas,148.5,2024-07-29,Road,499.88425519174416
Karachi,Cabbage,263.3,2024-08-09,Road,262.2463082853495
Lahore,Peas,485.54,2024-08-21,Rail,144.16648886248828
Kolkata,Broccoli,206.57,2024-08-19,Road,422.0110158744798
Delhi,Carrot,351.76,2024-08-22,Air,33.25307472210751
Peshawar,Broccoli,453.79,2024-07-31,Sea,252.03979418511312
Delhi,Carrot,372.13,2024-08-12,Road,273.94688985222325
Chennai,Capsicum,64.25,2024-08-22,Sea,146.7599197487027
Chennai,Capsicum,490.3,2024-07-27,Rail,112.61670872205384
Chennai,Spinach,242.06,2024-07-28,Sea,42.62842436263877
Delhi,Carrot,409.54,2024-08-18,Road,124.2362716848929
Chennai,Spinach,400.15,2024-08-01,Sea,159.03535359976408
Hyderabad,Carrot,165.41,2024-08-16,Sea,199.46381711614688
Bangalore,Onion,411.64,2024-08-04,Air,317.093212155258
Mumbai,Onion,263.73,2024-08-13,Air,283.0611979539976
Hyderabad,Potato,435.47,2024-08-01,Sea,141.57922588163012
Peshawar,Capsicum,359.78,2024-07-25,Road,59.30385599247123
Peshawar,Peas,312.17,2024-07-25,Road,312.6453759515174
Peshawar,Cabbage,238.56,2024-07-29,Rail,332.76991771178626
Mumbai,Cauliflower,82.03,2024-07-25,Sea,369.0904896118767
Bangalore,Potato,153.65,2024-08-23,Air,444.77169943966095
Mumbai,Potato,323.43,2024-08-08,Rail,307.4959905824431
Hyderabad,Carrot,374.18,2024-08-04,Rail,498.77645513240907
Lahore,Spinach,54.51,2024-08-09,Rail,249.6386088228207
Mumbai,Onion,450.78,2024-08-22,Air,449.3657600801196
Lahore,Carrot,131.21,2024-08-03,Rail,179.27417073432497
Chennai,Potato,363.81,2024-07-31,Road,377.1994060681576
Bangalore,Broccoli,494.41,2024-08-19,Air,370.374969563842
Delhi,Onion,274.9,2024-08-13,Rail,210.43327822596754
Mumbai,Tomato,266.43,2024-08-08,Road,74.24188293871617
Mumbai,Potato,89.88,2024-08-22,Sea,82.63232195804923
Lahore,Peas,93.75,2024-08-08,Rail,349.5434159250731
Lahore,Cauliflower,106.96,2024-07-28,Rail,155.8349766806647
Mumbai,Capsicum,238.0,2024-07-28,Rail,154.32341132623102
Hyderabad,Broccoli,162.49,2024-08-24,Sea,206.21485046545754
Chennai,Onion,484.27,2024-07-31,Road,102.5531014579815
Karachi,Broccoli,486.49,2024-07-31,Road,361.95918236533254
Karachi,Potato,287.42,2024-08-04,Air,223.60382858093655
Kolkata,Peas,446.85,2024-08-08,Road,491.6004085564597
Hyderabad,Peas,498.77,2024-07-30,Road,146.6714508168212
Karachi,Carrot,248.9,2024-07-25,Air,441.77391318786846
Mumbai,Spinach,133.02,2024-08-01,Sea,71.82830927446778
Hyderabad,Tomato,418.52,2024-08-12,Air,127.90205014599492
Karachi,Carrot,110.79,2024-08-16,Rail,454.24515369724287
Hyderabad,Broccoli,289.86,2024-08-03,Sea,428.08006567898974
Peshawar,Potato,458.06,2024-08-02,Rail,335.50700318706674
Chennai,Onion,54.66,2024-08-10,Road,154.8903753431832
Chennai,Cabbage,299.31,2024-08-24,Road,50.30957345412296
Peshawar,Broccoli,441.98,2024-07-28,Rail,169.1410844414969
Bangalore,Carrot,286.99,2024-07-26,Sea,12.674402881914009
Hyderabad,Spinach,366.95,2024-08-17,Sea,25.779813851467686
Lahore,Cauliflower,374.48,2024-08-20,Air,462.35384472129886
Delhi,Carrot,430.21,2024-08-19,Rail,301.7118651841935
Bangalore,Broccoli,373.67,2024-07-25,Road,334.3228555824511
Islamabad,Broccoli,466.42,2024-08-07,Sea,191.2683441142052
Hyderabad,Cauliflower,496.99,2024-08-23,Road,297.0704957814282
Karachi,Peas,246.25,2024-07-28,Road,292.74743662125684
Islamabad,Cauliflower,55.79,2024-08-15,Air,215.81799191134377
Hyderabad,Peas,309.85,2024-08-04,Road,366.0260407030325
Mumbai,Broccoli,356.29,2024-07-31,Sea,47.90343304464746
Kolkata,Potato,205.73,2024-08-10,Air,431.5985095451276
Hyderabad,Spinach,127.57,2024-08-05,Sea,156.7331083528751
Chennai,Broccoli,175.4,2024-08-05,Sea,79.7635312479047
Chennai,Onion,205.16,2024-08-18,Sea,54.88853221414732
Kolkata,Cauliflower,406.67,2024-08-14,Sea,184.23567437755815
Kolkata,Tomato,145.54,2024-08-21,Sea,299.8267577279401
Hyderabad,Cabbage,287.45,2024-08-24,Road,395.50042806678175
Kolkata,Broccoli,349.47,2024-08-09,Sea,94.81677079647665
Peshawar,Potato,148.89,2024-08-14,Air,153.53958075719402
Mumbai,Peas,304.05,2024-08-03,Air,78.0298954380068
Karachi,Broccoli,148.69,2024-08-11,Road,424.32049666220917
Lahore,Cauliflower,473.26,2024-08-10,Sea,43.76955682048749
Islamabad,Broccoli,298.36,2024-08-09,Road,495.9313358477893
Karachi,Onion,391.4,2024-08-21,Air,204.97173400477513
Delhi,Potato,190.55,2024-08-01,Sea,317.1127510875235
Lahore,Capsicum,89.1,2024-08-19,Rail,191.23494848523995
Bangalore,Cauliflower,304.07,2024-08-09,Road,314.47341025386083
Delhi,Peas,367.86,2024-08-06,Road,88.58777744271823
Karachi,Capsicum,470.5,2024-08-11,Rail,122.32485004007424
Kolkata,Tomato,459.05,2024-08-11,Road,334.50386016400586
Lahore,Onion,420.5,2024-08-08,Sea,486.00033496756424
Chennai,Carrot,140.48,2024-08-17,Rail,66.84811908246776
Islamabad,Carrot,322.43,2024-08-16,Rail,280.1010701300359
Peshawar,Tomato,336.29,2024-08-03,Rail,231.50561375254978
Mumbai,Carrot,460.34,2024-08-09,Rail,442.52821854097624
Chennai,Potato,253.45,2024-08-07,Road,438.03162246301844
Karachi,Potato,445.17,2024-08-12,Rail,266.651579699765
Karachi,Peas,373.08,2024-08-12,Road,69.72009217858565
Karachi,Spinach,428.29,2024-07-29,Air,45.83991865041133
Karachi,Broccoli,211.2,2024-08-05,Rail,395.56949412885217
Mumbai,Broccoli,468.03,2024-08-09,Road,179.00529460834508
Islamabad,Cauliflower,262.8,2024-08-13,Air,395.63878603137096
Kolkata,Carrot,75.52,2024-07-28,Sea,109.95756840473682
Delhi,Cauliflower,209.7,2024-08-03,Sea,108.87790167194719
Lahore,Tomato,381.31,2024-08-12,Sea,300.11323225857296
Delhi,Spinach,342.52,2024-08-17,Road,336.2643362434408
Islamabad,Carrot,406.21,2024-08-23,Road,322.4995021131906
Hyderabad,Spinach,105.28,2024-08-20,Rail,263.79400833824474
Lahore,Cabbage,325.55,2024-07-28,Rail,477.09222868572726
Bangalore,Broccoli,83.32,2024-08-04,Air,247.98197636112536
Islamabad,Potato,144.03,2024-08-09,Rail,142.9591817236896
Islamabad,Onion,404.71,2024-08-21,Air,215.57462029331322
Hyderabad,Potato,354.5,2024-08-02,Road,443.0865764238315
Lahore,Cauliflower,174.35,2024-08-04,Sea,322.321251084504
Mumbai,Tomato,114.91,2024-08-24,Air,69.64997552210485
Delhi,Cabbage,146.5,2024-08-24,Sea,112.54138298278703
Chennai,Peas,304.48,2024-07-25,Rail,192.5562117267098
Kolkata,Cauliflower,339.14,2024-08-06,Sea,204.43063248937517
Peshawar,Carrot,439.42,2024-08-14,Sea,376.66695676615984
Islamabad,Broccoli,269.8,2024-07-28,Air,389.709573168055
Peshawar,Carrot,269.63,2024-07-29,Sea,79.57101001897209
Karachi,Broccoli,158.81,2024-08-04,Air,330.3963911180979
Delhi,Tomato,138.15,2024-08-04,Rail,468.37611836187887
Bangalore,Peas,237.12,2024-07-26,Air,362.77568907576904
Chennai,Tomato,305.15,2024-08-08,Sea,37.53790785500093
Chennai,Carrot,361.64,2024-07-27,Rail,345.422844206396
Lahore,Cauliflower,426.03,2024-07-25,Rail,292.4702948970423
Chennai,Broccoli,330.75,2024-08-04,Rail,198.20841491108158
Delhi,Peas,176.72,2024-08-12,Air,408.38441780655313
Mumbai,Peas,446.05,2024-08-02,Air,127.79658459637905
Karachi,Cauliflower,256.21,2024-08-05,Air,367.77169866099047
Mumbai,Tomato,142.52,2024-08-01,Sea,187.04536851759374
Peshawar,Tomato,73.27,2024-08-24,Sea,447.729425062439
Peshawar,Carrot,266.23,2024-07-29,Rail,354.3095678433077
Mumbai,Broccoli,232.88,2024-08-20,Rail,109.55399790352172
Kolkata,Tomato,274.9,2024-08-10,Road,386.58655994261903
Kolkata,Cauliflower,70.19,2024-07-29,Rail,349.5098767916492
Hyderabad,Potato,339.54,2024-08-04,Rail,248.94499554219178
Karachi,Capsicum,269.97,2024-08-05,Rail,16.257398876203087
Delhi,Broccoli,71.58,2024-07-26,Road,294.9075286419943
Bangalore,Potato,221.24,2024-08-12,Rail,337.1982844999718
Lahore,Potato,140.94,2024-08-11,Road,210.65019900881452
Hyderabad,Spinach,100.76,2024-07-26,Road,104.63321057509332
Islamabad,Carrot,120.79,2024-07-31,Sea,200.93774328396137
Kolkata,Capsicum,288.98,2024-08-08,Road,270.82410289065524
Lahore,Potato,66.2,2024-08-05,Rail,186.89708838940697
Karachi,Tomato,346.0,2024-08-24,Sea,115.34858862059718
Islamabad,Potato,404.63,2024-08-22,Air,21.37108763150649
Hyderabad,Peas,396.11,2024-08-02,Rail,217.9106140948086
Bangalore,Tomato,201.3,2024-07-29,Rail,274.36714610015895
Hyderabad,Peas,263.18,2024-08-11,Road,113.45932403173599
Bangalore,Cabbage,323.51,2024-08-21,Air,270.2576068645855
Mumbai,Onion,188.94,2024-07-26,Rail,383.45074255535246
Hyderabad,Cauliflower,282.01,2024-08-19,Rail,74.8764307984677
Mumbai,Carrot,407.89,2024-07-27,Air,429.51979649009644
Mumbai,Spinach,202.7,2024-08-19,Air,289.3429858190405
Lahore,Cabbage,389.93,2024-08-06,Rail,416.34560017818217
Kolkata,Carrot,153.23,2024-08-19,Rail,11.355968873323391
Delhi,Carrot,166.34,2024-08-01,Road,47.91604676580418
Bangalore,Onion,419.51,2024-08-09,Sea,443.8463582055613
Mumbai,Broccoli,304.08,2024-08-19,Air,120.82126664950741
Peshawar,Capsicum,406.33,2024-08-20,Sea,217.20497971866547
Mumbai,Spinach,238.89,2024-08-23,Sea,249.4330410228859
Karachi,Capsicum,434.44,2024-07-27,Road,115.79548605738339
Karachi,Cauliflower,437.08,2024-08-11,Road,102.27555454293723
Lahore,Spinach,240.6,2024-08-04,Rail,319.5093224161828
Hyderabad,Cauliflower,385.93,2024-08-05,Rail,187.11844701498555
Hyderabad,Spinach,242.6,2024-07-31,Rail,53.83988560190199
Hyderabad,Capsicum,260.17,2024-08-14,Air,300.4127982269265
Mumbai,Carrot,212.75,2024-08-12,Air,76.85597751655132
Lahore,Broccoli,130.94,2024-08-07,Air,443.00240937629104
Hyderabad,Potato,299.93,2024-08-11,Air,43.926966182084044
Mumbai,Cabbage,440.5,2024-07-29,Rail,170.9985617454024
Hyderabad,Broccoli,352.31,2024-08-21,Rail,26.528277481730388
Delhi,Potato,486.58,2024-07-31,Road,160.64446111382105
Hyderabad,Tomato,264.76,2024-07-30,Rail,85.9032577219608
Hyderabad,Potato,337.5,2024-07-25,Sea,152.71426600762442
Hyderabad,Tomato,382.47,2024-08-09,Road,38.773026112664496
Karachi,Cauliflower,321.49,2024-07-25,Rail,220.04187666108515
Islamabad,Cauliflower,335.99,2024-08-08,Sea,12.42614180327196
Delhi,Capsicum,144.36,2024-08-03,Sea,25.927176409111574
Mumbai,Cabbage,308.14,2024-08-14,Rail,459.2659545004316
Chennai,Capsicum,447.62,2024-08-06,Road,433.96057871580615
Islamabad,Cauliflower,355.56,2024-08-09,Rail,155.34226676171315
Chennai,Tomato,377.83,2024-08-04,Sea,245.42665697191643
Delhi,Tomato,441.8,2024-08-04,Air,133.17940341370723
Chennai,Cauliflower,275.23,2024-08-23,Air,140.76485941785845
Islamabad,Broccoli,93.81,2024-08-15,Air,297.77363215407473
Hyderabad,Spinach,490.22,2024-08-08,Road,481.39810944255146
Lahore,Cabbage,58.96,2024-08-02,Air,498.9301356502624
Delhi,Capsicum,100.66,2024-07-28,Rail,484.8577486934939
Mumbai,Spinach,386.64,2024-08-17,Road,345.8517329340439
Mumbai,Cabbage,296.1,2024-08-07,Sea,244.1206190629694
Delhi,Peas,288.57,2024-08-16,Sea,134.0437088519828
Lahore,Cabbage,384.85,2024-08-14,Sea,17.772240360478325
Lahore,Broccoli,259.31,2024-08-08,Rail,184.86983453920791
Mumbai,Broccoli,478.83,2024-08-03,Air,130.31784758113832
Peshawar,Tomato,497.54,2024-08-23,Road,81.9396783240459
Peshawar,Capsicum,319.05,2024-08-09,Air,403.13210382003234
Islamabad,Peas,267.47,2024-07-26,Road,78.99240023847817
Chennai,Tomato,383.38,2024-08-06,Air,345.02324494362915
Mumbai,Cauliflower,292.82,2024-08-11,Road,139.03645491116035
Delhi,Cauliflower,181.78,2024-08-19,Rail,160.87828917522725
Islamabad,Onion,449.63,2024-08-02,Road,79.2443906462704
Mumbai,Spinach,393.77,2024-07-25,Sea,441.2044045482222
Islamabad,Peas,220.21,2024-08-24,Road,478.9116445030566
Bangalore,Spinach,290.23,2024-08-17,Rail,273.81315135455117
Peshawar,Broccoli,371.99,2024-08-09,Air,71.05639989865159
Hyderabad,Cauliflower,113.03,2024-08-20,Rail,10.930543906485937
Mumbai,Cabbage,60.09,2024-08-04,Rail,457.020698066446
Hyderabad,Tomato,156.61,2024-07-30,Sea,196.3511688698298
Bangalore,Cabbage,105.23,2024-07-30,Rail,18.633889898761947
Lahore,Peas,237.23,2024-08-08,Rail,457.7727333778408
Delhi,Spinach,257.85,2024-07-26,Air,485.54480809810616
Hyderabad,Carrot,303.36,2024-08-10,Rail,467.47372716540735
Mumbai,Tomato,430.25,2024-08-13,Road,405.243915643002
Bangalore,Onion,304.71,2024-08-19,Rail,183.24774461146737
Hyderabad,Broccoli,490.43,2024-08-06,Sea,451.56004429203506
Delhi,Onion,304.96,2024-08-20,Sea,210.49440240395268
Bangalore,Broccoli,295.15,2024-08-13,Road,367.42559705279217
Mumbai,Peas,151.76,2024-08-20,Road,92.6407349498859
Peshawar,Potato,414.33,2024-08-16,Air,67.33957844650077
Peshawar,Carrot,213.22,2024-08-23,Road,230.0074058931471
Peshawar,Peas,69.09,2024-08-13,Rail,384.2057354627556
Delhi,Tomato,159.75,2024-08-19,Sea,486.7331729531905
Lahore,Tomato,58.47,2024-08-07,Air,27.23752601483546
Hyderabad,Peas,394.46,2024-08-24,Sea,468.40134719891773
Peshawar,Carrot,400.1,2024-08-04,Road,181.6203925846884
Kolkata,Onion,452.14,2024-07-27,Sea,10.69055365070053
Karachi,Cauliflower,159.56,2024-08-16,Sea,46.69735622983925
Lahore,Capsicum,177.08,2024-08-09,Air,413.4663796447205
Bangalore,Tomato,411.33,2024-07-31,Road,338.4459126871115
Bangalore,Potato,54.41,2024-07-25,Air,102.0448866921611
Islamabad,Broccoli,344.77,2024-07-28,Sea,424.54531225069434
Hyderabad,Capsicum,347.23,2024-08-04,Air,136.12257596594947
Hyderabad,Spinach,477.64,2024-08-16,Sea,143.75718700331583
Chennai,Broccoli,389.95,2024-08-09,Rail,74.12195220942289
Islamabad,Onion,168.33,2024-08-09,Sea,231.93849631166677
Hyderabad,Carrot,346.18,2024-08-13,Air,94.16534432381155
Delhi,Onion,338.84,2024-08-15,Rail,448.3415702388618
Chennai,Potato,100.63,2024-08-05,Road,13.40306551309494
Islamabad,Broccoli,323.11,2024-07-30,Rail,50.69164630932442
Karachi,Spinach,258.78,2024-08-17,Road,496.8430886930421
Islamabad,Spinach,106.29,2024-08-03,Sea,69.7384306868798
Bangalore,Potato,247.64,2024-08-22,Sea,186.93017951193855
Kolkata,Cabbage,135.18,2024-08-10,Air,60.66555185853461
Hyderabad,Cabbage,143.49,2024-07-29,Air,118.27240006003706
Delhi,Broccoli,89.19,2024-08-07,Air,369.77806355247554
Lahore,Onion,467.89,2024-08-05,Sea,176.79314579783713
Lahore,Carrot,98.45,2024-07-29,Road,285.12099036435546
Islamabad,Tomato,203.42,2024-08-11,Sea,57.93751668834407
Hyderabad,Carrot,87.61,2024-08-11,Road,196.0353776523754
Islamabad,Spinach,162.06,2024-08-07,Sea,378.6475397773602
Islamabad,Carrot,365.01,2024-08-18,Air,498.50455584435974
Bangalore,Broccoli,407.0,2024-08-16,Road,286.7364548998313
Kolkata,Cauliflower,376.03,2024-08-18,Road,337.34251998047574
Delhi,Broccoli,423.37,2024-08-13,Sea,227.9956033093053
Delhi,Spinach,420.47,2024-08-01,Road,348.3994222015405
Hyderabad,Spinach,269.47,2024-07-31,Rail,138.7440807947227
Hyderabad,Cabbage,403.78,2024-07-27,Road,370.799073205232
Hyderabad,Broccoli,74.36,2024-07-25,Road,88.0466672941337
Mumbai,Tomato,66.81,2024-08-02,Road,204.245863962663
Islamabad,Capsicum,198.45,2024-08-12,Road,454.9428680691028
Peshawar,Onion,275.64,2024-08-14,Rail,316.8038105679031
Lahore,Peas,117.16,2024-08-03,Road,129.59257757655317
Bangalore,Carrot,84.16,2024-08-05,Road,463.11603554224996
Karachi,Carrot,477.1,2024-08-22,Road,127.07940638370242
Chennai,Carrot,308.93,2024-08-13,Air,370.9834800255194
Hyderabad,Carrot,265.93,2024-07-31,Air,244.86334957673546
Bangalore,Peas,124.84,2024-07-29,Sea,91.4773674749001
Kolkata,Carrot,161.3,2024-08-21,Sea,382.06066785257553
Lahore,Spinach,111.86,2024-07-27,Air,223.57928122075168
Islamabad,Spinach,264.34,2024-08-17,Road,383.9647611451546
Kolkata,Peas,141.16,2024-08-20,Air,95.9611650652195
Lahore,Tomato,308.57,2024-08-10,Road,222.42555964418457
Karachi,Carrot,465.24,2024-08-17,Air,336.1034828136661
Kolkata,Spinach,407.31,2024-07-25,Sea,236.3456548210568
Peshawar,Broccoli,60.16,2024-08-07,Road,467.74007850200155
Chennai,Tomato,199.42,2024-08-10,Rail,114.02883568060709
Islamabad,Tomato,81.85,2024-07-30,Rail,106.55541658667538
Bangalore,Cauliflower,247.25,2024-08-19,Sea,145.11143834606014
Kolkata,Broccoli,172.85,2024-08-13,Road,152.97838006328698
Kolkata,Peas,456.3,2024-07-27,Air,482.5401410559229
Mumbai,Cabbage,174.33,2024-08-13,Sea,107.50898240038802
Bangalore,Tomato,349.89,2024-07-31,Road,71.77723264571824
Islamabad,Peas,304.87,2024-07-31,Rail,401.5216529067083
Mumbai,Capsicum,450.38,2024-08-19,Sea,271.43358154942666
Mumbai,Onion,410.18,2024-08-07,Air,422.96187702575
Islamabad,Carrot,287.62,2024-08-22,Sea,407.5693293878587
Lahore,Spinach,419.48,2024-08-02,Road,426.25476159211064
Mumbai,Cabbage,291.84,2024-08-16,Sea,218.09714356887648
Bangalore,Carrot,236.59,2024-08-16,Road,106.61832617424383
Delhi,Onion,51.65,2024-07-25,Road,134.9310356788805
Karachi,Cabbage,88.2,2024-08-11,Rail,42.91585989231409
Hyderabad,Peas,148.49,2024-08-19,Air,417.34719846851505
Delhi,Spinach,63.3,2024-08-11,Sea,332.0260659110497
Mumbai,Cabbage,173.57,2024-07-29,Air,382.5702392131577
Lahore,Broccoli,247.12,2024-08-04,Air,455.85278315029245
Karachi,Cauliflower,289.71,2024-08-01,Road,472.44170842745666
Delhi,Carrot,457.4,2024-08-07,Road,379.7578692948093
Delhi,Broccoli,342.13,2024-08-09,Rail,140.27559415534208
Peshawar,Onion,402.71,2024-07-27,Road,376.3969828339538
Chennai,Onion,138.01,2024-08-03,Air,261.206404858386
Chennai,Cabbage,393.99,2024-08-12,Air,428.988833498821
Karachi,Onion,149.52,2024-08-09,Air,316.7319102612113
Hyderabad,Broccoli,455.96,2024-08-19,Road,489.6169923099297
Peshawar,Spinach,334.56,2024-08-12,Road,232.25032206520024
Kolkata,Capsicum,143.28,2024-08-24,Rail,81.71717463352915
Islamabad,Carrot,441.55,2024-07-29,Air,164.79478186020748
Lahore,Carrot,129.44,2024-08-22,Air,259.87480896245177
Delhi,Capsicum,346.75,2024-08-03,Rail,375.7520587427838
Bangalore,Peas,347.49,2024-08-18,Sea,419.27656533452
Karachi,Tomato,284.38,2024-07-27,Sea,483.06891461616516
Peshawar,Spinach,126.47,2024-07-27,Air,284.8469741958359
Kolkata,Cauliflower,376.87,2024-08-19,Rail,279.65962877560594
Peshawar,Spinach,95.13,2024-08-04,Sea,441.13772129086016
Chennai,Capsicum,95.72,2024-08-12,Sea,420.65447138240665
Lahore,Tomato,395.07,2024-07-25,Road,436.34350227884573
Delhi,Onion,177.3,2024-08-04,Air,407.14441122556286
Peshawar,Spinach,166.25,2024-08-03,Road,195.5792574924778
Kolkata,Tomato,120.24,2024-08-15,Rail,498.3107153864499
Islamabad,Onion,443.17,2024-08-05,Road,418.0467672794515
Islamabad,Onion,495.16,2024-08-04,Rail,404.61204374532576
Islamabad,Cabbage,458.85,2024-07-30,Road,202.79518542285297
Chennai,Capsicum,89.62,2024-08-23,Road,109.07802739419976
Islamabad,Capsicum,491.34,2024-08-05,Road,392.2771211013952
Bangalore,Cauliflower,136.48,2024-07-29,Air,345.29195979393774
Karachi,Capsicum,336.58,2024-08-09,Rail,164.46603107384553
Lahore,Spinach,255.17,2024-08-18,Air,247.8351177168327
Peshawar,Peas,209.98,2024-08-16,Road,457.6187712052842
Islamabad,Carrot,54.51,2024-08-01,Rail,471.2426987393828
Lahore,Onion,498.17,2024-07-26,Air,293.59683756123246
Karachi,Tomato,136.73,2024-08-20,Sea,39.35778288765202
Hyderabad,Onion,376.86,2024-08-02,Rail,315.07245287594054
Mumbai,Tomato,292.05,2024-07-28,Road,142.80338231333172
Karachi,Cauliflower,84.44,2024-08-21,Air,137.42016191781306
Peshawar,Tomato,291.33,2024-07-25,Rail,72.7829121979205
Karachi,Potato,474.71,2024-08-09,Road,417.5192537051537
Chennai,Peas,90.44,2024-08-22,Road,152.94443763377927
Chennai,Potato,188.44,2024-08-10,Air,240.52830582546684
Bangalore,Peas,215.58,2024-08-05,Road,378.6511068047866
Bangalore,Peas,62.24,2024-08-13,Rail,437.99686375554535
Karachi,Cabbage,419.42,2024-08-13,Air,214.56689495549324
Hyderabad,Onion,453.81,2024-08-15,Rail,13.136703286563634
Islamabad,Tomato,460.0,2024-08-05,Road,469.41378475527756
Kolkata,Spinach,310.07,2024-08-05,Sea,397.401558538056
Chennai,Onion,279.82,2024-07-30,Rail,35.37248122815697
Mumbai,Broccoli,466.88,2024-08-21,Sea,17.59243771375447
Bangalore,Tomato,468.18,2024-08-23,Rail,329.6817912978013
Lahore,Onion,423.54,2024-08-08,Sea,306.6040588426078
Peshawar,Cauliflower,392.59,2024-07-31,Sea,470.62951830161086
Kolkata,Tomato,315.86,2024-08-02,Road,274.67103001179737
Karachi,Capsicum,51.83,2024-08-12,Sea,162.62937312746436
Bangalore,Cauliflower,151.79,2024-08-12,Sea,419.5980101115005
Peshawar,Cauliflower,407.38,2024-07-28,Rail,124.64488989980917
Chennai,Carrot,420.09,2024-07-31,Road,111.53355962144299
Peshawar,Broccoli,255.49,2024-08-22,Air,220.38952653496182
Karachi,Onion,422.14,2024-07-27,Rail,253.34624465109275
Hyderabad,Onion,173.91,2024-08-11,Sea,492.50336593538765
Karachi,Broccoli,323.33,2024-08-17,Sea,325.9919181187734
Mumbai,Cabbage,468.75,2024-08-04,Air,365.0167971524715
Karachi,Broccoli,429.17,2024-08-17,Rail,261.7928504412826
Mumbai,Tomato,166.36,2024-08-22,Road,74.6730535337681
Lahore,Cauliflower,431.46,2024-07-27,Air,371.6086846640641
Islamabad,Cauliflower,375.8,2024-08-13,Sea,488.93594789806446
Hyderabad,Cauliflower,372.13,2024-08-17,Air,110.81945923832292
Hyderabad,Capsicum,487.95,2024-08-01,Air,239.39641621204407
Lahore,Cabbage,379.51,2024-08-17,Rail,361.00748079444713
Kolkata,Carrot,287.58,2024-07-28,Sea,425.1016644801182
Karachi,Broccoli,462.6,2024-08-10,Air,47.143354688623646
Kolkata,Cabbage,494.0,2024-08-16,Rail,33.54605130411268
Chennai,Cauliflower,442.49,2024-08-20,Road,274.707038664811
Kolkata,Spinach,463.26,2024-08-09,Air,167.54372769601082
Chennai,Spinach,239.78,2024-08-17,Rail,293.4275698907601
Hyderabad,Cauliflower,462.38,2024-08-22,Rail,492.46419797114027
Peshawar,Peas,207.46,2024-07-30,Sea,11.299130023766475
Kolkata,Peas,206.53,2024-08-23,Rail,140.5939951083403
Islamabad,Potato,132.53,2024-08-15,Air,370.83345833579926
Bangalore,Peas,402.57,2024-08-10,Sea,474.1539043200726
Chennai,Broccoli,148.59,2024-08-21,Air,211.2118016313111
Kolkata,Carrot,347.66,2024-08-14,Sea,491.52795846979734
Islamabad,Spinach,100.14,2024-07-28,Road,453.9979750399009
Karachi,Potato,277.48,2024-08-04,Rail,447.54867346481996
Mumbai,Cabbage,479.65,2024-08-24,Air,54.536947528318315
Hyderabad,Potato,187.14,2024-08-05,Air,170.33432041804917
Delhi,Potato,477.38,2024-08-17,Sea,447.76941463725893
Islamabad,Carrot,246.44,2024-08-14,Rail,384.0434043349051
Hyderabad,Carrot,419.28,2024-08-19,Road,73.36007248226124
Hyderabad,Spinach,228.95,2024-08-19,Sea,51.612419400114675
Hyderabad,Onion,105.96,2024-08-22,Sea,143.16662649537957
Islamabad,Cabbage,434.42,2024-08-05,Sea,404.8896296882618
Lahore,Onion,406.53,2024-08-23,Sea,430.13641263240913
Mumbai,Onion,139.87,2024-07-27,Air,355.91432952161347
Bangalore,Cauliflower,425.91,2024-08-11,Sea,372.5088130862457
Kolkata,Cabbage,450.04,2024-08-08,Air,402.75457072532345
Kolkata,Cauliflower,219.25,2024-07-26,Sea,112.72284824577227
Chennai,Peas,481.89,2024-08-24,Air,88.4238647610846
Lahore,Tomato,71.19,2024-08-07,Road,279.92074336862316
Hyderabad,Potato,373.34,2024-08-12,Sea,412.61391771524
Hyderabad,Onion,358.6,2024-08-15,Rail,43.979077313635386
Peshawar,Carrot,485.77,2024-08-17,Rail,60.307203600509126
Lahore,Tomato,472.79,2024-08-14,Air,106.64280476235515
Delhi,Carrot,306.51,2024-08-14,Rail,219.9822928855747
Peshawar,Cauliflower,377.72,2024-08-08,Sea,256.000607368276
Lahore,Cabbage,174.11,2024-08-23,Road,341.85836282731657
Kolkata,Cabbage,402.61,2024-07-25,Rail,119.17143673301506
Chennai,Carrot,197.31,2024-08-06,Air,12.674819082618463
Bangalore,Potato,267.64,2024-07-28,Air,273.84107104347424
Hyderabad,Broccoli,175.48,2024-08-17,Sea,269.05844132102845
Islamabad,Spinach,244.31,2024-08-07,Air,287.5984172309841
Bangalore,Spinach,180.92,2024-08-09,Rail,429.9793304952178
Chennai,Cabbage,242.11,2024-08-06,Air,220.46266156380062
Lahore,Spinach,403.91,2024-08-10,Air,65.8746635204825
Karachi,Onion,191.7,2024-08-24,Air,338.68702060329963
Bangalore,Peas,475.8,2024-08-13,Road,411.02109614107934
Kolkata,Onion,306.6,2024-08-10,Road,207.92642002496478
Delhi,Cauliflower,129.82,2024-08-22,Road,111.32032476155325
Chennai,Tomato,369.2,2024-08-05,Air,360.3072976613015
Mumbai,Cauliflower,494.39,2024-08-09,Sea,293.300810580951
Kolkata,Onion,212.96,2024-07-26,Air,20.231948277915908
Islamabad,Onion,197.59,2024-08-17,Air,37.441826976475014
Chennai,Cauliflower,287.03,2024-07-26,Road,350.1442906625317
Delhi,Tomato,277.51,2024-07-27,Sea,327.283796658561
Karachi,Carrot,329.28,2024-08-03,Sea,36.4182203705746
Chennai,Onion,407.17,2024-08-22,Sea,213.26448130629066
Karachi,Peas,461.29,2024-08-09,Air,475.43229651218434
Bangalore,Onion,325.59,2024-08-17,Air,496.1343772277759
Mumbai,Broccoli,442.38,2024-08-21,Rail,446.7054556394632
Lahore,Capsicum,432.75,2024-08-08,Road,364.3364633068958
Karachi,Peas,219.85,2024-08-07,Rail,155.10755332922278
Hyderabad,Potato,387.1,2024-08-21,Sea,195.073914765987
Karachi,Carrot,457.88,2024-08-11,Air,483.28867740502835
Karachi,Cabbage,87.41,2024-08-01,Rail,216.28343843681995
Mumbai,Peas,301.43,2024-08-12,Sea,52.3922118218456
Lahore,Tomato,303.55,2024-08-18,Sea,398.07279931124043
Delhi,Onion,151.49,2024-08-19,Road,108.80741216227185
Hyderabad,Potato,55.23,2024-08-06,Rail,226.0523966705363
Hyderabad,Tomato,241.45,2024-08-11,Sea,210.99566213791394
Peshawar,Onion,474.52,2024-07-30,Sea,13.587686690050218
Chennai,Carrot,381.09,2024-08-04,Rail,409.05986388329933
Bangalore,Cabbage,57.99,2024-08-23,Air,61.25159525737964
Bangalore,Broccoli,165.23,2024-08-19,Sea,87.6363255184779
Kolkata,Peas,103.41,2024-08-03,Sea,41.47981673922843
Peshawar,Spinach,300.16,2024-08-07,Rail,140.6543212370858
Bangalore,Broccoli,282.1,2024-08-23,Sea,474.9744221983798
Kolkata,Capsicum,104.23,2024-08-24,Rail,263.3335264357074
Kolkata,Potato,394.63,2024-08-13,Rail,75.1017928544657
Delhi,Carrot,339.92,2024-07-26,Sea,439.13641399280243
Delhi,Capsicum,189.07,2024-08-17,Sea,496.61292527488604
Chennai,Carrot,70.36,2024-08-06,Air,93.99761735140363
Kolkata,Broccoli,82.09,2024-07-29,Road,345.5889148812493
Kolkata,Tomato,324.76,2024-08-23,Sea,172.0719571032692
Chennai,Potato,238.29,2024-07-27,Road,305.7368934485969
Peshawar,Tomato,361.01,2024-07-28,Rail,178.46431998510093
Chennai,Cauliflower,204.89,2024-07-31,Sea,24.67442941835933
Karachi,Cauliflower,455.31,2024-07-26,Road,152.05944069290877
Bangalore,Cauliflower,288.2,2024-07-27,Rail,237.8294279396157
Delhi,Cauliflower,55.36,2024-07-26,Sea,309.2707361595321
Delhi,Broccoli,357.86,2024-08-12,Sea,349.471883792194
Hyderabad,Broccoli,242.93,2024-08-21,Rail,313.1026865681123
Chennai,Broccoli,207.65,2024-08-18,Road,274.03775585520344
Hyderabad,Spinach,70.68,2024-08-07,Rail,86.77027231615237
Peshawar,Capsicum,120.78,2024-08-18,Rail,177.70685745970115
Islamabad,Potato,123.98,2024-08-07,Rail,133.61730656450806
Lahore,Cauliflower,296.2,2024-08-12,Air,19.705977497597324
Islamabad,Carrot,373.39,2024-07-31,Air,177.55786916121372
Kolkata,Cabbage,379.02,2024-08-15,Rail,400.061647703224
Delhi,Spinach,111.93,2024-08-15,Road,106.15258660559547
Hyderabad,Tomato,280.46,2024-08-06,Road,200.97260823028427
Chennai,Peas,246.0,2024-08-13,Sea,42.90760204595147
Peshawar,Cauliflower,392.77,2024-08-05,Sea,119.96223684203548
Lahore,Peas,291.33,2024-08-17,Rail,275.6806551211309
Chennai,Onion,210.25,2024-08-14,Sea,283.0449543814215
Hyderabad,Cauliflower,251.89,2024-08-24,Sea,124.84204253859853
Islamabad,Broccoli,440.04,2024-08-20,Sea,415.7039536952118
Bangalore,Tomato,330.41,2024-07-31,Road,333.48701991860275
Bangalore,Onion,315.72,2024-08-16,Air,61.34235347031701
Mumbai,Cauliflower,208.78,2024-08-02,Road,167.13938364109129
Mumbai,Tomato,394.57,2024-08-03,Road,261.6872703932107
Hyderabad,Peas,163.32,2024-08-11,Rail,295.9831832847014
Islamabad,Cauliflower,175.09,2024-08-14,Air,413.4363637156615
Hyderabad,Broccoli,418.96,2024-07-30,Rail,331.34824216807067
Hyderabad,Carrot,496.3,2024-08-08,Road,31.014285309031056
Chennai,Potato,104.16,2024-07-30,Rail,453.6395725031477
Bangalore,Spinach,445.14,2024-08-20,Rail,124.57743177277312
Hyderabad,Tomato,158.68,2024-08-09,Air,333.42801858083624
Kolkata,Potato,475.14,2024-08-15,Air,113.41968620585027
Mumbai,Potato,458.61,2024-08-14,Road,217.24538950695867
Lahore,Broccoli,215.67,2024-08-15,Rail,13.556841218709224
Karachi,Broccoli,55.08,2024-08-08,Air,489.5369270128229
Bangalore,Tomato,167.9,2024-08-19,Rail,342.017702448469
Karachi,Tomato,50.66,2024-08-03,Air,457.4483969100777
Lahore,Onion,345.97,2024-08-18,Air,355.7751962659721
Peshawar,Broccoli,120.33,2024-08-14,Sea,402.1746050230177
Chennai,Onion,274.72,2024-08-10,Road,199.82906975519282
Mumbai,Spinach,171.44,2024-08-02,Air,32.98007034154329
Bangalore,Potato,232.16,2024-08-17,Sea,296.92467064230885
Lahore,Capsicum,365.04,2024-08-01,Air,66.29663590437242
Kolkata,Capsicum,375.81,2024-08-01,Rail,10.41457925730614
Peshawar,Broccoli,322.49,2024-07-28,Sea,142.75427493547042
Mumbai,Potato,451.8,2024-07-31,Rail,213.76745308983928
Hyderabad,Onion,138.25,2024-08-23,Road,81.02011020132007
Hyderabad,Carrot,59.28,2024-08-15,Sea,105.81094662696127
Bangalore,Tomato,437.5,2024-08-17,Rail,332.39076830207847
Hyderabad,Capsicum,210.47,2024-08-23,Rail,252.97779773491536
Lahore,Carrot,302.59,2024-08-05,Sea,61.02277019929324
Lahore,Onion,449.42,2024-08-16,Sea,387.638733882112
Delhi,Cauliflower,357.89,2024-08-23,Air,200.06639166972715
Kolkata,Peas,326.21,2024-08-07,Rail,377.53185538186693
Kolkata,Capsicum,144.47,2024-07-28,Rail,256.685741485104
Peshawar,Broccoli,197.16,2024-08-02,Rail,479.0379645897341
Kolkata,Potato,411.38,2024-08-01,Road,73.58090698970321
Delhi,Tomato,317.75,2024-08-10,Sea,124.50439067975937
Mumbai,Cauliflower,416.18,2024-08-10,Road,386.5921015608985
Kolkata,Spinach,360.26,2024-08-16,Road,243.63026144304115
Peshawar,Broccoli,415.61,2024-08-12,Air,385.83862495211577
Bangalore,Spinach,340.61,2024-08-19,Rail,354.5336470479327
Mumbai,Peas,59.21,2024-08-19,Air,42.92713140343598
Bangalore,Cauliflower,219.91,2024-08-05,Road,100.28816990013874
Islamabad,Cauliflower,293.38,2024-07-29,Air,292.4780939342278
Chennai,Potato,343.1,2024-08-24,Rail,120.59104993157315
Delhi,Carrot,281.4,2024-08-18,Rail,177.82525117014555
Delhi,Peas,67.76,2024-08-10,Air,418.8806500348873
Chennai,Capsicum,220.8,2024-08-08,Sea,432.32460544470445
Peshawar,Carrot,417.54,2024-08-16,Rail,313.05334670535495
Islamabad,Peas,84.0,2024-08-07,Sea,190.34359767438528
Bangalore,Potato,285.39,2024-08-21,Air,74.83058525489407
Kolkata,Tomato,251.45,2024-07-27,Air,473.71092740587204
Hyderabad,Tomato,418.0,2024-08-16,Road,91.76908319770693
Islamabad,Carrot,195.87,2024-08-19,Sea,247.8399645557495
Hyderabad,Tomato,329.75,2024-08-07,Air,354.7335163346966
Karachi,Tomato,126.37,2024-08-24,Road,224.30762531399182
Islamabad,Tomato,227.16,2024-08-02,Rail,379.0493992267891
Bangalore,Peas,336.97,2024-08-02,Air,21.4600792027325
Peshawar,Spinach,436.81,2024-08-04,Air,156.3597406101813
Kolkata,Cabbage,230.92,2024-08-09,Air,413.8221821646162
Chennai,Capsicum,312.92,2024-08-13,Road,27.91748342168785
Kolkata,Tomato,81.1,2024-08-01,Road,44.50079992632805
Delhi,Carrot,425.56,2024-08-01,Road,88.15678713358675
Islamabad,Carrot,315.99,2024-07-27,Sea,458.95239066103727
Chennai,Cauliflower,359.54,2024-08-14,Rail,189.74895115084996
Chennai,Onion,396.58,2024-08-14,Sea,79.59127057558315
Hyderabad,Spinach,370.03,2024-07-29,Air,135.9422220305708
Islamabad,Peas,260.84,2024-07-25,Air,16.188663438256174
Kolkata,Cauliflower,77.8,2024-08-01,Rail,440.6286382691237
Islamabad,Cauliflower,432.8,2024-08-13,Road,414.41047900790124
Lahore,Cabbage,237.79,2024-08-19,Sea,174.4597387992785
Islamabad,Carrot,408.71,2024-08-18,Air,350.3153543577821
Karachi,Capsicum,433.17,2024-08-16,Rail,274.79351094269515
Islamabad,Capsicum,80.5,2024-08-16,Air,370.1689979940328
Delhi,Onion,445.16,2024-08-11,Rail,402.90356320876447
Karachi,Carrot,201.34,2024-08-23,Sea,138.66027696654615
Peshawar,Tomato,354.31,2024-08-19,Rail,350.23493652351834
Islamabad,Cauliflower,105.13,2024-08-01,Rail,38.57433325250415
Islamabad,Cabbage,396.09,2024-08-24,Sea,465.74369484411375
Bangalore,Broccoli,168.29,2024-08-22,Air,261.27849725014835
Delhi,Carrot,130.65,2024-07-28,Road,491.63360599220147
Peshawar,Carrot,375.58,2024-08-13,Road,410.92183409312514
Delhi,Broccoli,127.67,2024-08-23,Road,494.89599528215155
Chennai,Onion,363.23,2024-08-24,Sea,248.14802472466957
Lahore,Onion,337.14,2024-08-21,Rail,269.9093981672221
Karachi,Cabbage,334.62,2024-08-21,Road,397.41112935675994
Hyderabad,Cabbage,312.76,2024-08-15,Road,385.9732972015602
Kolkata,Onion,189.64,2024-07-27,Sea,173.8159876015592
Kolkata,Capsicum,457.61,2024-08-16,Air,13.456663506463016
Bangalore,Broccoli,454.07,2024-07-29,Sea,252.4969042600404
Islamabad,Cauliflower,489.3,2024-08-14,Sea,242.1869348517638
Mumbai,Peas,370.49,2024-08-20,Rail,81.24457691312575
Kolkata,Cabbage,141.54,2024-08-20,Air,406.3317924550424
Chennai,Cauliflower,140.82,2024-08-05,Air,284.0728605262151
Bangalore,Spinach,233.56,2024-08-18,Road,306.6982824041802
Lahore,Potato,145.16,2024-08-13,Rail,443.58055249724026
Delhi,Spinach,354.98,2024-07-27,Sea,178.17511982625342
Mumbai,Peas,260.42,2024-08-20,Road,62.7602112887913
Islamabad,Broccoli,93.86,2024-08-09,Air,213.3498049237043
Delhi,Potato,438.71,2024-08-05,Sea,309.234701850555
Bangalore,Cabbage,446.39,2024-08-06,Air,27.939581302616048
Delhi,Spinach,478.71,2024-08-02,Sea,383.4798935695225
Islamabad,Capsicum,167.89,2024-08-18,Sea,196.20725026440948
Chennai,Potato,179.24,2024-08-24,Sea,371.57859640387125
Delhi,Peas,403.17,2024-07-26,Road,62.43158106771778
Karachi,Broccoli,65.09,2024-08-04,Air,33.184329460270106
Mumbai,Broccoli,299.12,2024-07-29,Rail,205.297142140043
Karachi,Onion,322.76,2024-07-27,Sea,110.10198237444146
Delhi,Peas,457.88,2024-07-28,Sea,353.0903114001466
Chennai,Carrot,461.1,2024-08-14,Road,16.291116968429854
Hyderabad,Capsicum,342.6,2024-08-18,Sea,204.20844078224312
Peshawar,Cauliflower,439.36,2024-08-24,Road,126.8136754541697
Bangalore,Capsicum,248.71,2024-08-10,Sea,186.86558566927167
Peshawar,Capsicum,108.84,2024-08-16,Road,461.2159460884562
Karachi,Carrot,482.58,2024-08-03,Road,182.0735413983061
Islamabad,Broccoli,329.69,2024-08-01,Road,388.88343799066905
Delhi,Carrot,307.36,2024-07-29,Rail,302.0530653238201
Chennai,Spinach,224.65,2024-08-09,Air,459.5022093102016
Mumbai,Cabbage,362.22,2024-08-09,Road,60.95178781634522
Lahore,Onion,145.72,2024-08-14,Sea,325.1159534533927
Delhi,Cabbage,178.45,2024-07-31,Sea,52.2898191973276
Lahore,Carrot,400.98,2024-07-29,Air,448.46797988632557
Chennai,Cauliflower,482.54,2024-08-10,Rail,23.65904960621144
Mumbai,Cauliflower,411.89,2024-08-05,Rail,263.30940977034004
Lahore,Peas,281.44,2024-08-24,Road,27.96021736315326
Islamabad,Carrot,284.24,2024-08-01,Sea,125.20119186668184
Karachi,Potato,266.89,2024-08-08,Sea,242.72377974437813
Hyderabad,Broccoli,280.48,2024-08-13,Sea,169.9029454541332
Lahore,Peas,70.27,2024-08-03,Sea,393.1394273446474
Peshawar,Carrot,498.89,2024-08-13,Road,269.0537663327677
Lahore,Tomato,83.64,2024-08-20,Air,280.6347338405354
Islamabad,Peas,257.88,2024-07-28,Road,199.32963517388822
Karachi,Capsicum,471.67,2024-08-23,Rail,407.22755927047547
Hyderabad,Onion,68.49,2024-08-18,Rail,352.9064468522834
Delhi,Peas,468.89,2024-07-27,Sea,498.4355792808087
Hyderabad,Peas,61.02,2024-08-06,Rail,290.93318682928617
Chennai,Cauliflower,113.35,2024-07-25,Air,101.9330227023619
Mumbai,Spinach,129.47,2024-08-17,Rail,369.4460445910465
Peshawar,Spinach,164.16,2024-08-01,Rail,95.40264039791151
Kolkata,Broccoli,334.7,2024-08-08,Sea,417.9738303033669
Peshawar,Cauliflower,89.7,2024-08-16,Sea,424.26490862052543
Islamabad,Potato,428.95,2024-08-22,Road,28.009185628223758
Peshawar,Peas,302.64,2024-08-20,Sea,480.3298213887744
Kolkata,Spinach,224.46,2024-08-10,Rail,368.73270633333993
Peshawar,Capsicum,343.03,2024-08-05,Road,279.26925693149684
Delhi,Broccoli,495.97,2024-07-30,Sea,269.27592262748675
Islamabad,Peas,388.88,2024-08-01,Sea,179.08233591832365
Mumbai,Tomato,104.66,2024-08-19,Rail,474.9150290195967
Chennai,Potato,212.5,2024-07-30,Road,150.5033512239089
Delhi,Peas,130.82,2024-07-27,Rail,210.4076839700843
Karachi,Peas,252.53,2024-08-21,Air,129.59904117682908
Delhi,Tomato,106.93,2024-08-12,Rail,444.87422020575076
Chennai,Cauliflower,315.29,2024-08-10,Sea,241.0532372145749
Mumbai,Potato,356.59,2024-07-28,Road,411.425607821575
Delhi,Peas,371.11,2024-08-20,Sea,328.27652912319206
Mumbai,Cauliflower,497.93,2024-08-21,Sea,124.41381834617766
Kolkata,Broccoli,256.46,2024-07-29,Road,487.315517051414
Islamabad,Peas,151.21,2024-08-02,Road,249.23333580892646
Kolkata,Cabbage,170.02,2024-08-18,Rail,252.6978305045564
Hyderabad,Cabbage,449.1,2024-08-02,Road,166.06382735809692
Lahore,Cabbage,88.69,2024-07-28,Rail,273.9011175650614
Chennai,Cauliflower,300.49,2024-07-25,Sea,117.82444760288128
Mumbai,Broccoli,158.31,2024-08-02,Rail,49.662237606870185
Delhi,Spinach,260.32,2024-07-29,Sea,36.082830413307164
Kolkata,Carrot,288.23,2024-08-02,Road,245.0696560569712
Lahore,Cabbage,474.22,2024-08-23,Rail,202.93765558593464
Karachi,Cauliflower,151.99,2024-07-29,Sea,398.3267140261441
Chennai,Capsicum,367.83,2024-08-24,Road,417.0388084583137
Kolkata,Cauliflower,296.12,2024-08-17,Air,50.776375974588746
Mumbai,Cabbage,494.27,2024-08-02,Road,334.7008855230028
Chennai,Tomato,397.63,2024-08-22,Rail,241.9894530823861
Delhi,Spinach,323.37,2024-07-30,Road,325.9117639130453
Karachi,Tomato,377.35,2024-08-07,Road,147.04667620730032
Mumbai,Potato,233.32,2024-07-26,Sea,183.77302027883493
Hyderabad,Tomato,87.13,2024-07-31,Sea,215.61693254385364
Islamabad,Onion,425.51,2024-08-24,Sea,372.8395300453885
Kolkata,Carrot,121.2,2024-08-06,Sea,66.63507191157757
Chennai,Capsicum,361.93,2024-08-03,Rail,393.8512531304402
Mumbai,Spinach,303.79,2024-07-30,Sea,148.693563080684
Kolkata,Capsicum,138.66,2024-08-03,Road,274.141977312841
Karachi,Potato,272.9,2024-08-06,Rail,11.231008519621119
Bangalore,Tomato,496.14,2024-08-23,Air,345.8483831891538
Lahore,Peas,216.8,2024-08-09,Air,33.15438677423863
Chennai,Potato,232.46,2024-08-01,Road,29.37831399001379
Chennai,Potato,104.23,2024-08-16,Rail,356.54151028728694
Karachi,Capsicum,275.08,2024-08-21,Rail,189.0556351740527
Bangalore,Onion,213.22,2024-07-27,Air,173.54934741754923
Kolkata,Carrot,185.61,2024-08-23,Sea,132.0081727506047
Hyderabad,Broccoli,207.57,2024-08-19,Road,33.00771266838906
Mumbai,Cauliflower,69.56,2024-08-10,Sea,483.7844335178857
Peshawar,Cabbage,246.8,2024-07-26,Sea,177.36876428490748
Bangalore,Onion,414.92,2024-08-24,Sea,124.94750565936916
Hyderabad,Cabbage,326.66,2024-08-14,Rail,275.7085258511186
Delhi,Capsicum,238.29,2024-08-08,Road,102.55070091949108
Chennai,Broccoli,396.24,2024-07-31,Air,211.54577135256562
Peshawar,Capsicum,194.76,2024-08-01,Rail,60.394399047765134
Bangalore,Peas,305.68,2024-08-04,Air,184.9716199561933
Kolkata,Potato,406.17,2024-08-06,Rail,68.98310107213811
Hyderabad,Broccoli,265.87,2024-07-30,Rail,279.27948799320177
Mumbai,Capsicum,250.47,2024-08-05,Road,323.02432807084136
Lahore,Onion,180.6,2024-08-16,Rail,275.5964891931688
Karachi,Capsicum,388.96,2024-08-07,Sea,278.5781362049116
Islamabad,Cabbage,483.03,2024-08-18,Sea,319.8411050064474
Lahore,Cabbage,75.39,2024-08-01,Sea,496.73702100656936
Bangalore,Onion,351.19,2024-08-01,Rail,112.60071203707196
Bangalore,Carrot,381.68,2024-08-16,Sea,186.43605425993536
Hyderabad,Peas,433.8,2024-08-04,Road,430.15037884061985
Delhi,Cabbage,274.16,2024-08-01,Air,36.69897096643783
Karachi,Spinach,441.58,2024-07-26,Road,25.0921340021324
Delhi,Capsicum,484.12,2024-08-19,Road,66.10015022598228
Mumbai,Onion,336.24,2024-08-21,Air,329.9486711645325
Lahore,Onion,201.53,2024-08-20,Rail,194.34071955222097
Islamabad,Capsicum,376.74,2024-08-10,Road,19.57474847351157
Hyderabad,Cauliflower,427.09,2024-08-02,Sea,103.78574310337983
Peshawar,Broccoli,417.9,2024-08-04,Air,166.50216707563678
Islamabad,Tomato,260.66,2024-08-12,Rail,488.7091510295969
Islamabad,Capsicum,359.27,2024-07-31,Air,383.4484194601696
Lahore,Carrot,356.83,2024-08-17,Rail,403.82485661205317
Chennai,Tomato,485.39,2024-08-03,Sea,191.08191287647472
Islamabad,Carrot,118.25,2024-08-06,Sea,389.70155080212885
Mumbai,Onion,381.03,2024-08-05,Sea,426.7926144567492
Islamabad,Carrot,298.45,2024-07-29,Road,361.3583994484333
Chennai,Capsicum,380.87,2024-07-30,Rail,261.3947478690147
Bangalore,Cauliflower,117.54,2024-08-24,Road,322.1913960451214
Delhi,Cauliflower,372.95,2024-08-11,Air,452.17120443204124
Kolkata,Tomato,406.54,2024-08-06,Sea,357.8341410529441
Chennai,Potato,363.95,2024-08-01,Road,105.41549068853185
Kolkata,Spinach,364.43,2024-08-23,Road,303.72979279334055
Hyderabad,Spinach,114.52,2024-08-24,Sea,186.20477259034013
Delhi,Cabbage,343.25,2024-08-14,Air,95.2202041720946
Peshawar,Capsicum,396.76,2024-08-08,Air,419.80005154043255
Hyderabad,Capsicum,438.45,2024-08-06,Air,294.39191778034757
Lahore,Peas,116.24,2024-08-15,Road,494.3921271022097
Karachi,Capsicum,75.84,2024-08-06,Rail,179.0742802671445
Karachi,Spinach,478.17,2024-08-12,Air,463.90883281676554
Mumbai,Peas,138.1,2024-08-04,Rail,385.82489858602725
Hyderabad,Carrot,487.14,2024-08-18,Sea,196.36096479540765
Bangalore,Tomato,115.18,2024-08-23,Rail,39.73087813964651
Bangalore,Onion,77.31,2024-07-29,Rail,474.7725785995486
Karachi,Capsicum,55.24,2024-08-01,Sea,401.5916624897072
Chennai,Peas,464.52,2024-08-10,Road,30.492526699242454
Kolkata,Broccoli,238.54,2024-08-22,Air,459.91487878673485
Kolkata,Spinach,291.51,2024-07-27,Sea,265.27907966306475
Bangalore,Onion,147.22,2024-08-17,Road,362.1122225425069
Delhi,Carrot,258.65,2024-08-01,Road,304.23319609193027
Peshawar,Potato,440.81,2024-08-09,Sea,356.13206537013184
Peshawar,Potato,241.02,2024-08-07,Sea,160.7794061008697
Mumbai,Potato,52.56,2024-07-28,Rail,210.9199374139267
Karachi,Spinach,276.94,2024-07-29,Air,494.22468010449177
Peshawar,Peas,408.73,2024-07-29,Sea,218.60641965830095
Bangalore,Capsicum,259.81,2024-08-19,Sea,66.90406367768244
Islamabad,Cabbage,209.68,2024-07-28,Air,457.52372541043235
Mumbai,Cauliflower,240.95,2024-08-07,Road,131.813310330273
Chennai,Onion,102.86,2024-08-13,Sea,342.1191433042874
Islamabad,Broccoli,54.83,2024-08-08,Rail,321.6088317605967
Karachi,Cauliflower,179.32,2024-08-23,Road,203.34638398366346
Chennai,Cabbage,296.2,2024-08-01,Rail,221.43759611107745
Mumbai,Potato,467.18,2024-08-06,Sea,262.5552561664674
Delhi,Tomato,106.19,2024-08-23,Rail,148.57287384062042
Peshawar,Potato,157.82,2024-08-05,Sea,390.31716789794706
Mumbai,Onion,240.04,2024-07-29,Air,48.141076570907224
Lahore,Potato,463.23,2024-08-11,Road,300.1450400188459
Delhi,Peas,95.57,2024-08-03,Road,419.5210256609824
Lahore,Cabbage,385.66,2024-08-18,Sea,498.40029661852054
Chennai,Onion,183.66,2024-08-14,Air,273.2619651481468
Kolkata,Spinach,194.52,2024-07-29,Sea,432.7853092334998
Chennai,Cauliflower,216.34,2024-08-13,Air,155.00231047835996
Peshawar,Tomato,332.82,2024-08-14,Road,470.02679206273194
Delhi,Capsicum,196.99,2024-08-03,Road,176.58120343050643
Mumbai,Cabbage,248.72,2024-07-28,Road,263.75413670161794
Mumbai,Cabbage,367.35,2024-08-12,Air,387.33878564560393
Peshawar,Spinach,282.71,2024-08-23,Sea,155.45873534683096
Islamabad,Peas,401.8,2024-08-07,Air,46.864650462640626
Karachi,Peas,261.35,2024-08-19,Road,249.539742230048
Hyderabad,Peas,103.36,2024-08-19,Rail,376.17569453761416
Hyderabad,Cauliflower,185.16,2024-08-16,Sea,402.9694027473255
Mumbai,Cabbage,75.64,2024-08-11,Air,238.03206539319993
Kolkata,Cabbage,346.61,2024-07-26,Rail,63.424958900187576
Islamabad,Carrot,427.66,2024-08-03,Air,29.097423191857082
Delhi,Tomato,183.55,2024-08-07,Sea,453.6519672002113
Bangalore,Broccoli,317.36,2024-08-03,Road,219.54984018879858
Peshawar,Spinach,85.43,2024-08-21,Air,408.0101870865157
Hyderabad,Carrot,324.86,2024-08-20,Air,470.38703978413116
Karachi,Spinach,251.12,2024-08-17,Air,71.94304980720382
Karachi,Cabbage,128.12,2024-07-25,Rail,395.2598529520648
Islamabad,Peas,352.57,2024-08-07,Sea,261.0513231083257
Peshawar,Onion,447.36,2024-08-07,Sea,412.02288260186765
Chennai,Potato,99.99,2024-08-16,Rail,434.85331186226716
Hyderabad,Broccoli,449.91,2024-08-11,Sea,448.2763287396461
Peshawar,Potato,370.24,2024-07-27,Rail,217.99500673030084
Mumbai,Capsicum,460.65,2024-07-26,Sea,276.83783838631405
Bangalore,Cabbage,153.08,2024-08-10,Sea,188.27768241631566
Kolkata,Capsicum,90.97,2024-08-21,Road,150.14848232237233
Bangalore,Cabbage,245.68,2024-08-13,Rail,182.4149948183869
Karachi,Onion,470.41,2024-08-10,Road,41.22056944912596
Kolkata,Broccoli,375.53,2024-08-19,Air,76.00438274724208
Kolkata,Onion,58.87,2024-08-04,Sea,62.181497140280904
Hyderabad,Cauliflower,422.24,2024-08-12,Rail,107.43226877310072
Peshawar,Tomato,405.1,2024-08-03,Air,254.58351833353387
Peshawar,Cabbage,184.73,2024-08-08,Road,173.76833352562642
Lahore,Onion,171.51,2024-08-11,Rail,425.2224751282739
Hyderabad,Cabbage,381.7,2024-08-08,Air,67.81154863684237
Chennai,Tomato,485.52,2024-08-21,Rail,289.8408414807117
Delhi,Onion,447.95,2024-08-22,Sea,255.17899110184544
Chennai,Carrot,396.93,2024-08-10,Road,379.372212175512
Chennai,Broccoli,234.42,2024-08-01,Air,496.737282583205
Islamabad,Carrot,267.78,2024-08-12,Sea,138.04571031796308
Peshawar,Cauliflower,407.39,2024-08-05,Air,108.84571535151193
Islamabad,Broccoli,395.74,2024-07-26,Rail,57.95911093756334
Karachi,Capsicum,220.16,2024-08-24,Sea,216.30379974320488
Islamabad,Broccoli,412.78,2024-08-18,Rail,339.71545824562463
Hyderabad,Broccoli,306.32,2024-08-07,Rail,204.5837267892371
Mumbai,Carrot,108.76,2024-08-17,Air,167.15954174430235
Mumbai,Cabbage,163.25,2024-07-27,Air,53.386384570418464
Bangalore,Peas,233.48,2024-07-29,Road,410.48521079641114
Kolkata,Cauliflower,67.11,2024-07-31,Air,163.12073208290715
Hyderabad,Onion,492.83,2024-08-23,Sea,478.4610790414279
Delhi,Carrot,350.65,2024-08-05,Air,427.425306081112
Karachi,Peas,300.52,2024-08-08,Sea,468.66583969328605
Chennai,Peas,55.92,2024-08-06,Road,484.2832998160931
Delhi,Onion,187.09,2024-07-26,Road,98.39534081952392
Chennai,Spinach,347.85,2024-08-11,Sea,444.40182004487394
Peshawar,Broccoli,67.51,2024-07-31,Air,358.8643933084056
Bangalore,Potato,425.49,2024-08-01,Road,464.6246930728369
Karachi,Potato,56.81,2024-07-25,Sea,32.35995826016335
Bangalore,Capsicum,343.95,2024-08-04,Air,30.451807022884417
Karachi,Potato,179.66,2024-08-17,Air,129.52228642629575
Kolkata,Broccoli,58.39,2024-08-08,Rail,134.07574515694657
Hyderabad,Capsicum,140.06,2024-08-24,Sea,479.20740354740144
Islamabad,Potato,225.47,2024-08-04,Rail,322.81007396991333
Lahore,Tomato,436.59,2024-08-03,Road,303.48060089321854
Mumbai,Tomato,306.41,2024-07-31,Rail,116.93981670087437
Karachi,Spinach,64.71,2024-08-15,Road,346.94525005510576
Mumbai,Onion,476.81,2024-08-18,Road,11.619431489841224
Lahore,Spinach,301.03,2024-08-14,Sea,194.41946140438978
Chennai,Carrot,164.78,2024-08-14,Rail,29.801400355313177
Peshawar,Capsicum,335.86,2024-08-22,Sea,458.7497902544754
Hyderabad,Potato,220.64,2024-08-20,Road,43.1380431613619
Lahore,Carrot,362.47,2024-07-29,Road,34.96589094449408
Kolkata,Spinach,141.81,2024-08-08,Road,129.0990162895464
Chennai,Cabbage,342.74,2024-07-29,Road,360.9354445568926
Lahore,Cauliflower,366.07,2024-08-11,Air,253.5396262848502
Mumbai,Potato,306.55,2024-08-04,Sea,166.8828568412011
Kolkata,Peas,283.58,2024-08-21,Road,34.35476854208433
Islamabad,Peas,480.34,2024-08-12,Road,353.91150975318504
Lahore,Cabbage,57.65,2024-08-11,Sea,449.44197477592826
Bangalore,Cabbage,172.32,2024-08-15,Rail,184.0418427168488
Peshawar,Potato,454.7,2024-08-20,Rail,324.6128360681724
Karachi,Tomato,151.91,2024-08-22,Road,129.7254774201045
Hyderabad,Cabbage,191.23,2024-08-03,Air,240.94078676171642
Kolkata,Cauliflower,492.67,2024-07-29,Road,135.3198049254014
Lahore,Broccoli,438.18,2024-07-26,Sea,164.11166034472845
Kolkata,Cauliflower,55.35,2024-08-12,Rail,290.9921915675041
Lahore,Cabbage,209.35,2024-08-08,Road,289.74932441497606
Karachi,Tomato,420.51,2024-08-01,Air,377.93577517781836
Hyderabad,Carrot,302.43,2024-08-06,Rail,387.4461250236192
Mumbai,Cabbage,83.0,2024-07-26,Air,305.24865100732075
Peshawar,Cabbage,108.64,2024-08-06,Road,301.0903487540902
Kolkata,Broccoli,273.47,2024-08-02,Air,456.380406488451
Peshawar,Capsicum,280.4,2024-08-13,Air,466.58763449971747
Bangalore,Onion,236.46,2024-08-15,Rail,146.973846582058
Hyderabad,Carrot,67.23,2024-07-28,Air,422.80383967516474
Lahore,Cabbage,73.86,2024-08-09,Sea,11.188351656258757
Mumbai,Cauliflower,312.35,2024-07-29,Road,459.054428613935
Hyderabad,Potato,242.07,2024-08-03,Road,127.0330797989078
Chennai,Tomato,365.45,2024-08-04,Rail,56.72685363203021
Delhi,Onion,309.7,2024-08-19,Rail,313.3736329536451
Lahore,Carrot,126.62,2024-08-22,Air,263.0358853051023
Hyderabad,Potato,50.4,2024-08-14,Rail,263.9525213518202
Kolkata,Tomato,435.1,2024-08-22,Road,95.10208798022124
Mumbai,Spinach,174.65,2024-07-27,Air,237.23587616642928
Hyderabad,Peas,484.02,2024-08-19,Rail,174.8436588201232
Bangalore,Broccoli,132.21,2024-08-18,Sea,81.80745527508132
Karachi,Cabbage,177.46,2024-08-23,Air,493.53969842685484
Peshawar,Capsicum,389.55,2024-08-04,Sea,329.27199433088987
Hyderabad,Spinach,447.51,2024-08-14,Road,233.52758879973348
Bangalore,Cauliflower,136.38,2024-07-29,Air,497.66381307640074
Hyderabad,Cabbage,83.89,2024-07-27,Sea,181.21845831522964
Chennai,Peas,218.14,2024-08-02,Rail,179.10321695627698
Peshawar,Carrot,300.67,2024-08-09,Sea,236.95672099044145
Hyderabad,Capsicum,236.86,2024-08-18,Sea,298.0500947851408
Karachi,Broccoli,188.3,2024-07-26,Rail,24.205255233282323
Delhi,Broccoli,401.57,2024-08-21,Rail,244.627379031626
Delhi,Broccoli,61.64,2024-08-17,Road,284.81243074601286
Mumbai,Carrot,451.74,2024-08-10,Road,68.78793577476088
Bangalore,Cabbage,117.03,2024-07-30,Road,56.27640809649604
Islamabad,Cabbage,219.07,2024-08-04,Rail,254.0388860700121
Peshawar,Onion,421.96,2024-08-20,Rail,393.7079960665696
Chennai,Tomato,280.28,2024-08-09,Rail,157.68566493740002
Hyderabad,Capsicum,288.32,2024-08-07,Rail,39.515470954844865
Kolkata,Potato,169.38,2024-08-15,Rail,213.32828896318415
Islamabad,Capsicum,69.54,2024-08-16,Sea,167.32972223171058
Peshawar,Peas,261.4,2024-08-13,Sea,403.6906883746732
Peshawar,Cabbage,131.9,2024-07-31,Road,282.83075481830076
Islamabad,Carrot,294.22,2024-07-29,Rail,396.77914937278376
Lahore,Spinach,140.36,2024-08-11,Air,304.99916429303863
Bangalore,Peas,342.02,2024-07-29,Road,446.43151878577294
Bangalore,Carrot,417.09,2024-08-23,Rail,54.5276630991702
Lahore,Tomato,360.59,2024-07-31,Road,19.504387986363042
Bangalore,Tomato,104.61,2024-08-05,Air,53.17581980997234
Lahore,Carrot,260.77,2024-07-29,Air,58.36837375029488
Mumbai,Carrot,454.42,2024-07-26,Air,202.60218122540036
Peshawar,Broccoli,497.51,2024-08-21,Road,117.71550598266266
Delhi,Broccoli,186.79,2024-08-24,Air,493.42512202060453
Islamabad,Spinach,99.57,2024-08-15,Road,11.827538747957488
Peshawar,Capsicum,98.74,2024-08-24,Road,67.9730002203938
Kolkata,Capsicum,154.53,2024-07-28,Sea,87.02902355158335
Chennai,Tomato,199.09,2024-08-16,Rail,295.6242716836225
Kolkata,Broccoli,298.43,2024-07-25,Air,207.81286461605143
Islamabad,Peas,451.9,2024-08-21,Road,128.5770392736955
Hyderabad,Tomato,129.28,2024-08-09,Air,451.5242630100108
Delhi,Spinach,83.81,2024-07-31,Air,351.74416247812746
Mumbai,Spinach,343.69,2024-07-27,Sea,487.58825291121246
Bangalore,Carrot,482.71,2024-08-17,Air,185.26792805461986
Hyderabad,Onion,64.51,2024-08-10,Sea,138.71185712597665
Kolkata,Carrot,238.85,2024-08-04,Sea,110.96105467622435
Delhi,Peas,212.52,2024-08-09,Road,106.60902554659373
Mumbai,Capsicum,105.7,2024-07-28,Rail,470.51767969406615
Hyderabad,Cauliflower,73.77,2024-07-30,Rail,195.8126973882077
Hyderabad,Broccoli,233.46,2024-07-28,Air,305.8440376394151
Peshawar,Potato,451.99,2024-07-31,Air,275.32678284568584
Karachi,Peas,122.88,2024-08-19,Rail,201.1612151312235
Lahore,Potato,209.84,2024-07-26,Sea,200.32691587599444
Mumbai,Capsicum,432.61,2024-08-04,Sea,101.8476021782466
Mumbai,Cabbage,332.86,2024-07-25,Rail,96.94333806312937
Kolkata,Peas,120.74,2024-08-24,Sea,190.60799808857197
Islamabad,Potato,414.43,2024-08-04,Rail,423.3472734224695
Bangalore,Capsicum,382.85,2024-08-20,Road,401.99865056501164
Peshawar,Spinach,266.0,2024-08-14,Air,59.680215377595495
Karachi,Cabbage,317.0,2024-08-21,Rail,484.76955945338244
Islamabad,Carrot,144.92,2024-08-07,Road,465.28357672520605
Hyderabad,Tomato,458.04,2024-07-26,Rail,212.9410708962572
Kolkata,Tomato,160.63,2024-07-30,Sea,452.97922078051295
Peshawar,Spinach,392.68,2024-08-18,Road,162.90328140780343
Chennai,Broccoli,334.92,2024-08-10,Rail,283.88004420642386
Karachi,Potato,467.79,2024-08-06,Road,329.182438297452
Chennai,Capsicum,97.85,2024-07-28,Sea,250.45136330724398
Hyderabad,Potato,304.55,2024-08-06,Sea,62.4565783947265
Peshawar,Onion,187.71,2024-08-08,Air,162.91259372465518
Delhi,Potato,297.71,2024-08-10,Sea,374.14069135005343
Chennai,Cauliflower,234.94,2024-08-12,Road,186.86576555192613
Chennai,Cabbage,70.23,2024-07-31,Rail,243.04183337897234
Lahore,Cauliflower,152.32,2024-08-01,Sea,132.23256148107993
Peshawar,Onion,395.97,2024-08-19,Road,350.75365367828255
Karachi,Spinach,126.2,2024-08-15,Sea,74.57992169071136
Bangalore,Cauliflower,87.83,2024-08-24,Rail,125.11749985397796
Islamabad,Onion,101.3,2024-08-20,Sea,342.0235682115176
Lahore,Carrot,399.99,2024-07-26,Air,15.427903772335522
Bangalore,Potato,277.51,2024-08-08,Rail,484.82124925065904
Peshawar,Carrot,378.8,2024-08-23,Rail,395.7918262934211
Hyderabad,Carrot,106.61,2024-08-06,Rail,430.77083694558604
Kolkata,Tomato,247.6,2024-07-27,Rail,36.95667321023893
Lahore,Potato,446.77,2024-08-17,Sea,239.32113031889682
Kolkata,Onion,404.32,2024-08-10,Road,92.3179511345579
Islamabad,Cabbage,278.05,2024-08-04,Sea,269.9849709287124
Mumbai,Cauliflower,251.84,2024-08-22,Road,220.39862370538307
Hyderabad,Broccoli,433.22,2024-08-07,Sea,80.43489044776214
Kolkata,Carrot,278.53,2024-08-11,Road,311.26506462328365
Peshawar,Carrot,446.87,2024-08-07,Sea,69.36522532510148
Lahore,Capsicum,108.5,2024-08-10,Sea,223.86925198158158
Delhi,Cabbage,99.78,2024-08-19,Sea,313.19492906578444
Peshawar,Tomato,110.02,2024-08-14,Air,120.51137575264818
Peshawar,Cabbage,62.96,2024-08-10,Rail,66.71626302030556
Islamabad,Tomato,243.42,2024-08-02,Sea,268.68377985130894
Peshawar,Potato,388.83,2024-08-19,Sea,321.58357540194993
Peshawar,Broccoli,488.78,2024-08-11,Road,371.2179366664243
Kolkata,Capsicum,322.22,2024-08-21,Sea,198.21912896567872
Kolkata,Potato,183.35,2024-07-28,Sea,187.38047649497682
Kolkata,Tomato,442.65,2024-07-28,Rail,44.185612058259785
Delhi,Potato,238.92,2024-08-19,Road,454.4996739327783
Kolkata,Onion,486.9,2024-07-31,Sea,288.2494544459972
Mumbai,Carrot,255.67,2024-08-12,Sea,90.44927450131934
Lahore,Cabbage,471.85,2024-08-17,Air,414.86671095235386
Karachi,Capsicum,482.37,2024-08-16,Sea,245.98561156879435
Hyderabad,Onion,246.89,2024-08-04,Sea,157.55798696540137
Mumbai,Cabbage,494.46,2024-08-04,Road,294.94921618512143
Chennai,Potato,126.35,2024-08-23,Road,135.2119334923958
Lahore,Spinach,492.33,2024-07-25,Air,30.676437539839224
Chennai,Cabbage,440.86,2024-08-04,Sea,278.76344680152664
Peshawar,Cauliflower,408.31,2024-08-17,Rail,459.40153179513663
Chennai,Carrot,240.76,2024-08-16,Air,101.32843014618042
Hyderabad,Broccoli,373.49,2024-08-18,Sea,288.68431525493014
Kolkata,Potato,482.36,2024-07-31,Road,462.5625093400252
Hyderabad,Capsicum,372.75,2024-08-14,Rail,258.4747780113454
Peshawar,Broccoli,195.28,2024-08-03,Sea,43.04162453366195
Delhi,Spinach,186.38,2024-08-18,Rail,458.5130428119585
Islamabad,Tomato,144.54,2024-08-13,Air,313.95903580868975
Delhi,Onion,252.82,2024-08-20,Air,469.38768866398107
Islamabad,Cauliflower,436.43,2024-08-20,Sea,253.77545794105654
Chennai,Cauliflower,75.88,2024-08-22,Rail,91.87004275249852
Peshawar,Peas,265.94,2024-08-03,Rail,410.95435084218605
Chennai,Tomato,205.05,2024-08-05,Road,129.02647244741138
Karachi,Cauliflower,285.13,2024-07-27,Road,207.7030898552338
Mumbai,Spinach,183.65,2024-07-28,Air,302.07303888006055
Kolkata,Capsicum,296.4,2024-07-30,Sea,134.1648936761377
Peshawar,Cabbage,406.46,2024-07-28,Sea,264.84358184840426
Karachi,Tomato,326.53,2024-08-24,Road,27.04196300784044
Karachi,Capsicum,461.27,2024-07-28,Road,267.25081872417076
Mumbai,Spinach,375.74,2024-08-13,Sea,285.5191683092988
Peshawar,Potato,475.83,2024-07-26,Air,325.34172214999114
Kolkata,Peas,131.23,2024-08-10,Road,15.588530068632991
Bangalore,Cauliflower,254.97,2024-07-28,Road,244.36150050350284
Bangalore,Capsicum,184.34,2024-07-28,Rail,324.3485305486094
Islamabad,Broccoli,258.49,2024-08-02,Road,321.8390376909375
Delhi,Broccoli,214.88,2024-08-01,Air,379.39953741240794
Islamabad,Capsicum,93.11,2024-08-20,Air,210.30793608164677
Islamabad,Capsicum,245.17,2024-08-06,Rail,110.99857962813994
Karachi,Cabbage,383.59,2024-08-04,Road,268.9606359824905
Hyderabad,Capsicum,69.24,2024-08-10,Sea,112.36260790620305
Delhi,Spinach,326.56,2024-07-31,Road,177.1635899830274
Peshawar,Peas,52.28,2024-08-12,Sea,223.70255270866343
Karachi,Potato,368.75,2024-07-28,Air,291.54943775787666
Peshawar,Capsicum,425.31,2024-08-11,Rail,479.75427854219777
Bangalore,Carrot,120.89,2024-08-06,Rail,458.89739872363776
Bangalore,Potato,434.82,2024-07-31,Rail,439.2897598825852
Bangalore,Carrot,220.96,2024-08-15,Air,136.7739489647409
Chennai,Broccoli,256.09,2024-08-12,Air,107.39952098913037
Chennai,Spinach,59.34,2024-08-12,Air,242.135928336926
Lahore,Broccoli,143.58,2024-08-06,Rail,173.74851579633358
Bangalore,Cauliflower,448.06,2024-08-17,Road,451.5225450102555
Karachi,Potato,194.38,2024-08-11,Sea,187.17880960535186
Bangalore,Carrot,413.99,2024-08-06,Road,389.94382748991126
Lahore,Carrot,122.56,2024-08-11,Sea,413.5053805608834
Mumbai,Spinach,364.01,2024-08-23,Air,469.1377775103052
Islamabad,Peas,219.64,2024-08-02,Road,94.09294409919835
Hyderabad,Cabbage,254.33,2024-08-21,Road,72.13793944022329
Lahore,Peas,127.6,2024-07-27,Rail,414.6594093878875
Bangalore,Peas,499.11,2024-07-25,Rail,212.97573345748623
Hyderabad,Cauliflower,146.87,2024-08-11,Air,153.82932147704233
Islamabad,Broccoli,320.07,2024-08-08,Rail,195.07343105462044
Karachi,Onion,159.21,2024-07-26,Road,263.5321247237744
Mumbai,Broccoli,147.8,2024-08-22,Sea,72.4538602320693
Mumbai,Spinach,389.53,2024-07-27,Air,247.8720660647216
Bangalore,Carrot,149.52,2024-08-02,Rail,307.45730810657955
Delhi,Broccoli,462.82,2024-08-21,Air,190.7154650207513
Peshawar,Broccoli,474.25,2024-08-16,Air,218.5063358736949
Bangalore,Peas,240.67,2024-08-21,Sea,335.8254689219158
Kolkata,Cabbage,371.34,2024-08-07,Air,44.24671593430779
Mumbai,Carrot,186.32,2024-08-10,Air,97.62651310748326
Chennai,Spinach,189.98,2024-08-05,Sea,111.42389233117267
Peshawar,Cabbage,453.83,2024-08-05,Sea,427.13473983997363
Karachi,Carrot,99.0,2024-08-10,Rail,187.8855409508547
Hyderabad,Cauliflower,212.83,2024-07-27,Sea,260.89279107586685
Kolkata,Spinach,359.41,2024-08-10,Road,146.8092821022772
Bangalore,Tomato,185.12,2024-08-24,Road,410.3493695881984
Islamabad,Peas,441.6,2024-08-13,Rail,383.1875909836449
Karachi,Cabbage,54.06,2024-08-18,Road,204.17243664648822
Mumbai,Peas,472.11,2024-07-29,Air,453.3736850549693
Kolkata,Carrot,485.48,2024-08-08,Rail,450.21785173093843
Islamabad,Spinach,373.72,2024-08-20,Road,158.53015795453916
Hyderabad,Tomato,439.71,2024-08-16,Rail,261.01855708211633
Islamabad,Capsicum,80.21,2024-07-27,Rail,60.62193173101807
Karachi,Spinach,328.57,2024-08-07,Rail,197.1661253196662
Hyderabad,Cabbage,144.42,2024-08-24,Air,475.3843115560171
Lahore,Capsicum,377.72,2024-07-25,Rail,471.29522633256363
Lahore,Potato,315.98,2024-08-09,Sea,338.66802318398214
Delhi,Spinach,197.75,2024-08-02,Air,42.03332684174202
Mumbai,Potato,348.83,2024-08-11,Rail,454.903833947115
Hyderabad,Peas,287.72,2024-08-21,Air,97.50853536069627
Chennai,Broccoli,496.6,2024-08-03,Air,469.51372593744236
Delhi,Peas,108.2,2024-08-01,Air,412.5798158158685
Hyderabad,Capsicum,340.08,2024-08-14,Sea,268.222655191098
Islamabad,Cauliflower,175.9,2024-08-19,Sea,176.97306747609335
Delhi,Tomato,129.86,2024-08-05,Air,17.577179478743062
Karachi,Cabbage,376.35,2024-08-01,Air,443.74990913317447
Mumbai,Spinach,155.46,2024-08-10,Air,58.05826259132898
Lahore,Tomato,168.66,2024-08-06,Rail,25.122737223058824
Hyderabad,Tomato,150.47,2024-08-04,Rail,338.58727640418664
Hyderabad,Onion,180.0,2024-07-28,Road,421.75191502305876
Hyderabad,Carrot,465.09,2024-07-31,Air,215.33977151587922
Mumbai,Broccoli,482.71,2024-08-08,Air,11.18251080763665
Lahore,Carrot,138.76,2024-08-13,Sea,108.92813730590989
Islamabad,Tomato,383.84,2024-08-20,Air,188.1394284931421
Delhi,Carrot,371.97,2024-08-01,Rail,487.7695970625232
Bangalore,Onion,306.17,2024-08-16,Road,13.224639983136491
Peshawar,Carrot,291.18,2024-08-10,Rail,128.20344051170395
Mumbai,Onion,465.93,2024-08-14,Rail,86.16478809847352
Peshawar,Capsicum,270.96,2024-08-11,Road,281.2318193883397
Kolkata,Potato,247.41,2024-08-24,Air,49.072393713136734
Lahore,Cauliflower,308.98,2024-08-21,Rail,123.94920726649893
Peshawar,Capsicum,73.33,2024-08-13,Rail,100.61166770989091
Islamabad,Broccoli,115.86,2024-07-31,Sea,181.16432007105263
Hyderabad,Broccoli,407.99,2024-08-02,Road,119.54133917186972
Bangalore,Capsicum,388.37,2024-07-31,Sea,126.81946487094615
Hyderabad,Onion,202.83,2024-08-04,Road,165.50043480461295
Kolkata,Cabbage,96.87,2024-08-19,Sea,120.59532587622385
Bangalore,Cauliflower,379.83,2024-07-30,Rail,213.82938321183653
Delhi,Tomato,303.6,2024-07-31,Road,161.34242707011668
Bangalore,Carrot,499.02,2024-08-22,Air,82.187838110762
Lahore,Onion,400.01,2024-08-09,Air,377.4835256623475
Delhi,Peas,494.71,2024-07-31,Sea,24.60679947819623
Bangalore,Onion,63.76,2024-08-19,Rail,343.8078235048872
Mumbai,Cabbage,238.38,2024-08-03,Road,490.04468239067745
Lahore,Potato,161.01,2024-08-17,Air,378.01394700991705
Kolkata,Potato,55.63,2024-08-11,Air,404.03954252106035
Hyderabad,Spinach,117.99,2024-07-28,Road,257.51408711113316
Islamabad,Carrot,219.38,2024-08-16,Air,273.0451603549094
Chennai,Peas,150.73,2024-08-08,Rail,269.17285701790473
Karachi,Potato,391.36,2024-08-17,Sea,330.6956203765487
Delhi,Broccoli,243.82,2024-08-01,Rail,202.47182519222096
Hyderabad,Broccoli,156.67,2024-08-17,Sea,243.8743742009598
Bangalore,Onion,130.52,2024-07-27,Air,141.29189432988747
Kolkata,Carrot,177.89,2024-07-26,Air,70.57582663538642
Peshawar,Spinach,98.55,2024-08-08,Sea,380.05399776434047
Islamabad,Peas,348.07,2024-07-25,Air,24.760562289088156
Peshawar,Carrot,174.4,2024-08-07,Rail,270.8001809498005
Hyderabad,Tomato,229.92,2024-07-28,Road,145.76195350053524
Mumbai,Cabbage,285.37,2024-07-30,Sea,243.5614506934622
Kolkata,Onion,243.79,2024-08-22,Rail,263.7209255638105
Lahore,Spinach,80.34,2024-07-29,Air,420.8979422043063
Chennai,Peas,456.03,2024-08-17,Road,53.0026515369479
Delhi,Carrot,383.43,2024-07-25,Road,436.06069221249163
Peshawar,Cabbage,270.77,2024-08-07,Rail,191.1776593293794
Lahore,Cabbage,490.28,2024-08-02,Sea,412.87651536023054
Chennai,Tomato,418.98,2024-08-09,Rail,35.25080260976032
Karachi,Spinach,62.48,2024-08-08,Sea,29.440641372797664
Kolkata,Onion,279.98,2024-08-05,Sea,33.75243778548009
Chennai,Peas,170.86,2024-08-09,Air,478.8113750752319
Kolkata,Carrot,290.95,2024-07-29,Rail,487.6391426716059
Peshawar,Spinach,416.32,2024-08-03,Air,24.23097797454839
Karachi,Tomato,107.4,2024-08-15,Road,80.82479738333178
Karachi,Cabbage,154.32,2024-08-03,Rail,164.766276169591
Hyderabad,Cabbage,414.1,2024-07-28,Sea,476.0013232966316
Bangalore,Cabbage,425.67,2024-08-16,Rail,205.27439791691296
Bangalore,Cauliflower,416.87,2024-08-21,Rail,389.9823363105278
Peshawar,Potato,418.81,2024-08-04,Sea,421.6940243887951
Mumbai,Spinach,186.44,2024-08-11,Rail,275.15357943269794
Islamabad,Peas,81.09,2024-08-19,Road,494.613667849028
Kolkata,Broccoli,457.7,2024-08-22,Air,426.28233223247247
Bangalore,Broccoli,120.42,2024-08-24,Rail,194.74261950863053
Lahore,Tomato,175.21,2024-08-21,Rail,308.15566791464755
Peshawar,Tomato,346.44,2024-08-06,Sea,109.83741748442527
Hyderabad,Potato,288.06,2024-08-06,Rail,339.5061155615255
Kolkata,Cabbage,70.2,2024-07-27,Rail,458.97806057306104
Islamabad,Tomato,61.85,2024-08-13,Sea,395.75125247757273
Delhi,Cabbage,400.86,2024-08-18,Air,82.81894442203033
Lahore,Spinach,197.27,2024-08-08,Rail,184.32884983490217
Lahore,Tomato,275.72,2024-07-27,Air,286.7357935756891
Kolkata,Peas,328.77,2024-07-26,Rail,445.6756962131154
Bangalore,Cabbage,496.31,2024-08-20,Air,145.83950593091072
Bangalore,Broccoli,52.16,2024-08-23,Air,191.23309468352016
Islamabad,Spinach,306.97,2024-08-20,Sea,184.758841678412
Karachi,Broccoli,260.4,2024-08-23,Air,238.39712148966697
Kolkata,Onion,115.19,2024-08-04,Road,368.6046171401268
Hyderabad,Spinach,317.84,2024-08-08,Road,130.52757691857659
Delhi,Cabbage,80.58,2024-07-31,Air,131.08907290610483
Hyderabad,Cauliflower,164.33,2024-08-22,Rail,333.5772102410298
Bangalore,Peas,304.82,2024-07-28,Rail,336.0927750594843
Delhi,Cabbage,275.73,2024-08-17,Air,403.3441813567437
Kolkata,Potato,471.23,2024-08-19,Rail,296.6347981765477
Karachi,Cauliflower,323.3,2024-08-23,Sea,344.13111994743434
Mumbai,Carrot,365.78,2024-07-26,Rail,351.5388520560862
Hyderabad,Peas,475.09,2024-08-18,Road,241.49470609842786
Chennai,Broccoli,355.09,2024-08-24,Rail,75.47029594786203
Karachi,Tomato,63.35,2024-08-12,Sea,23.870323576089202
Chennai,Onion,317.95,2024-08-24,Rail,85.47098688503266
Chennai,Peas,377.9,2024-07-29,Road,423.09674407596583
Delhi,Onion,230.35,2024-08-15,Sea,147.74884899408053
Mumbai,Spinach,382.65,2024-08-16,Air,81.4651763211417
Bangalore,Tomato,215.72,2024-08-12,Sea,370.3678333122787
Bangalore,Cabbage,303.84,2024-07-25,Road,134.72298130143506
Bangalore,Peas,50.05,2024-08-02,Sea,65.10223953197792
Chennai,Capsicum,59.99,2024-08-19,Air,134.25516933354552
Kolkata,Cabbage,339.47,2024-08-02,Road,438.43533078225425
Kolkata,Onion,85.47,2024-08-11,Air,356.2141177724158
Mumbai,Peas,369.4,2024-08-23,Road,178.06517454070215
Lahore,Cauliflower,462.21,2024-08-07,Sea,21.001715225171523
Bangalore,Onion,265.14,2024-08-15,Sea,451.47408201691286
Islamabad,Potato,315.12,2024-08-10,Air,157.99602134332622
Islamabad,Onion,435.0,2024-08-24,Rail,271.02215932284315
Lahore,Spinach,301.02,2024-07-28,Road,496.50143496694494
Hyderabad,Broccoli,271.19,2024-07-25,Air,435.46528553727086
Hyderabad,Cauliflower,299.95,2024-08-12,Road,137.49992175893763
Bangalore,Cabbage,381.55,2024-08-23,Road,88.69023545740953
Mumbai,Capsicum,199.28,2024-08-22,Rail,280.6963083609395
Mumbai,Tomato,319.64,2024-08-11,Sea,336.5908318137244
Delhi,Capsicum,139.24,2024-08-22,Sea,336.5119911257558
Delhi,Cauliflower,415.48,2024-07-27,Rail,127.38657698462123
Delhi,Cabbage,299.74,2024-08-22,Sea,477.20493993602526
Mumbai,Cauliflower,108.45,2024-07-30,Rail,174.4367528759216
Lahore,Peas,283.4,2024-08-24,Road,26.934791875390186
Islamabad,Broccoli,406.27,2024-07-27,Road,83.67922164026216
Kolkata,Tomato,288.14,2024-07-30,Rail,340.5332036940792
Chennai,Tomato,245.54,2024-08-05,Rail,397.0601596680796
Karachi,Tomato,146.35,2024-08-09,Rail,240.98976678610336
Chennai,Peas,191.09,2024-08-02,Sea,376.41468200523025
Islamabad,Potato,191.6,2024-08-18,Air,199.82945291600458
Peshawar,Cauliflower,420.77,2024-08-16,Road,263.4396136174544
Peshawar,Onion,187.42,2024-08-01,Sea,450.5471586121127
Chennai,Tomato,279.66,2024-08-16,Road,374.4143511079656
Lahore,Carrot,485.42,2024-08-02,Road,137.47877895328955
Bangalore,Cabbage,73.42,2024-07-27,Air,111.76672539000822
Hyderabad,Peas,406.46,2024-08-05,Air,82.85909495410934
Karachi,Capsicum,138.27,2024-08-14,Air,279.650024835956
Chennai,Capsicum,117.83,2024-07-31,Air,124.56931881239623
Lahore,Tomato,62.83,2024-08-22,Sea,461.4513894187992
Lahore,Peas,65.51,2024-08-11,Sea,359.2982008459375
Hyderabad,Potato,358.31,2024-07-25,Rail,488.31704669746443
Delhi,Capsicum,461.8,2024-08-21,Air,39.507623658542315
Kolkata,Onion,474.07,2024-08-03,Sea,400.60774222115566
Karachi,Broccoli,301.57,2024-08-04,Road,85.84226593601356
Delhi,Cabbage,479.18,2024-08-09,Rail,416.1064313838667
Islamabad,Cabbage,457.15,2024-08-07,Sea,377.31942656422723
Islamabad,Cauliflower,115.13,2024-07-29,Sea,55.28619089920085
Lahore,Spinach,293.69,2024-08-18,Road,453.2283218446551
Mumbai,Cauliflower,196.53,2024-08-18,Air,272.85287725209304
Lahore,Capsicum,350.57,2024-08-04,Sea,163.03404248032146
Mumbai,Broccoli,61.54,2024-08-07,Rail,240.26035223143202
Mumbai,Potato,448.88,2024-08-10,Rail,233.52319146284896
Kolkata,Potato,285.13,2024-07-28,Rail,106.31949606241616
Delhi,Onion,496.24,2024-08-08,Road,293.88758311493075
Islamabad,Cabbage,431.66,2024-08-20,Road,389.916826686987
Hyderabad,Potato,72.63,2024-08-04,Sea,362.1049798802141
Lahore,Carrot,84.12,2024-08-14,Rail,347.81234166930875
Mumbai,Capsicum,112.75,2024-08-15,Rail,226.25614619769024
Bangalore,Potato,58.02,2024-08-03,Rail,228.11490356982046
Delhi,Broccoli,333.29,2024-08-05,Road,54.31716789330887
Lahore,Cauliflower,392.36,2024-08-02,Road,26.738221148844726
Mumbai,Tomato,469.66,2024-08-17,Air,72.89805394503486
Peshawar,Onion,219.55,2024-08-16,Rail,430.07035037979193
Hyderabad,Cauliflower,91.76,2024-08-15,Air,373.93292235998456
Delhi,Potato,466.09,2024-08-02,Rail,472.28223138863603
Chennai,Cauliflower,430.72,2024-08-22,Air,339.48781411762354
Lahore,Peas,223.81,2024-07-28,Air,88.53218301273105
Peshawar,Cabbage,220.62,2024-08-10,Air,276.2438157012459
Bangalore,Spinach,64.43,2024-07-30,Air,173.42002114960914
Bangalore,Capsicum,371.84,2024-08-17,Road,218.06453845367372
Bangalore,Cabbage,374.32,2024-07-31,Rail,338.4898085717412
Delhi,Potato,206.42,2024-08-06,Air,372.63164550884005
Delhi,Onion,148.39,2024-07-27,Sea,276.99289803163066
Islamabad,Cauliflower,59.73,2024-08-14,Rail,101.80466781665105
Islamabad,Cabbage,98.01,2024-08-18,Sea,206.3196094359326
Delhi,Broccoli,207.79,2024-08-11,Sea,196.16137810384348
Peshawar,Cabbage,183.72,2024-08-13,Road,481.10139880861993
Lahore,Peas,402.01,2024-07-31,Road,224.69215243997962
Bangalore,Tomato,299.82,2024-08-06,Sea,187.7043939855112
Mumbai,Cabbage,487.55,2024-08-10,Road,245.73382176694835
Kolkata,Carrot,165.3,2024-08-16,Road,77.34358686748345
Karachi,Capsicum,450.85,2024-08-03,Sea,156.68545200858907
Bangalore,Cauliflower,380.93,2024-08-08,Road,278.23777720377336
Lahore,Onion,421.03,2024-08-02,Air,312.03811598217277
Bangalore,Tomato,431.92,2024-07-27,Sea,372.9590927177679
Karachi,Onion,307.29,2024-08-08,Rail,346.88949647589595
Peshawar,Cabbage,378.0,2024-08-18,Sea,168.9250321051617
Delhi,Broccoli,308.8,2024-08-02,Road,461.075398394446
Karachi,Carrot,339.35,2024-08-11,Road,31.860396196440306
Karachi,Potato,397.0,2024-08-20,Sea,93.05554615729531
Bangalore,Onion,265.53,2024-08-05,Sea,124.59977866337769
Kolkata,Cabbage,259.08,2024-07-26,Rail,307.65345989425964
Peshawar,Peas,304.65,2024-08-11,Air,472.40330001429345
Karachi,Peas,212.93,2024-08-22,Road,74.28005859937844
Mumbai,Spinach,346.96,2024-08-05,Rail,139.50782724758366
Peshawar,Onion,242.81,2024-08-20,Air,30.71094567591992
Mumbai,Potato,484.58,2024-08-17,Road,228.41264009017908
Karachi,Potato,289.45,2024-07-30,Air,341.14961872918866
Bangalore,Spinach,360.98,2024-08-20,Rail,160.4427592676253
Karachi,Spinach,82.72,2024-07-29,Sea,403.5292414620463
Mumbai,Broccoli,189.2,2024-08-23,Rail,359.6624144816129
Kolkata,Tomato,171.08,2024-08-03,Rail,431.84181140559315
Hyderabad,Peas,104.04,2024-08-18,Rail,104.31501057547983
Delhi,Peas,229.49,2024-08-21,Sea,438.5745332272602
Karachi,Carrot,169.75,2024-08-15,Sea,498.39324506213626
Mumbai,Peas,499.64,2024-08-04,Sea,207.89374021219038
Islamabad,Cauliflower,136.0,2024-07-31,Sea,105.38669448094852
Kolkata,Cauliflower,276.72,2024-08-07,Road,376.99889590560207
Delhi,Cabbage,377.09,2024-08-19,Air,115.2141333146581
Islamabad,Spinach,441.65,2024-08-16,Sea,203.18878244691365
Hyderabad,Carrot,175.68,2024-07-26,Road,407.9654115273101
Delhi,Potato,96.76,2024-08-23,Rail,460.52998418161945
Mumbai,Potato,498.38,2024-08-07,Rail,391.70662437091124
Peshawar,Peas,154.8,2024-07-26,Rail,66.43464543774107
Karachi,Potato,341.61,2024-08-19,Road,415.4376457118056
Chennai,Cabbage,477.82,2024-08-23,Sea,371.310170645028
Lahore,Spinach,270.19,2024-08-11,Air,355.37929931110773
Chennai,Carrot,67.62,2024-08-07,Air,464.7941792598832
Peshawar,Onion,136.57,2024-08-16,Rail,319.19701668564136
Mumbai,Carrot,143.02,2024-07-29,Sea,118.01178591344429
Mumbai,Carrot,145.94,2024-08-06,Air,407.0389490442193
Kolkata,Onion,93.43,2024-08-24,Rail,119.10169392960115
Lahore,Cabbage,138.38,2024-08-22,Road,327.35689547690737
Islamabad,Carrot,389.61,2024-08-07,Air,199.22893128052903
Chennai,Cabbage,110.21,2024-08-03,Rail,365.0501113677432
Karachi,Cauliflower,154.38,2024-08-09,Road,334.6197619315145
Kolkata,Cauliflower,484.97,2024-08-24,Rail,278.30492226675864
Lahore,Tomato,405.21,2024-08-20,Air,417.0140971713198
Mumbai,Carrot,242.69,2024-07-25,Rail,407.9802280674361
Bangalore,Capsicum,443.74,2024-07-26,Rail,405.61796366724144
Delhi,Potato,79.36,2024-07-30,Air,87.77461399106606
Mumbai,Tomato,485.16,2024-07-29,Rail,41.988725973268814
Islamabad,Cabbage,393.87,2024-08-19,Air,496.7298450995393
Bangalore,Spinach,467.47,2024-07-26,Sea,328.1076252338632
Islamabad,Capsicum,217.79,2024-07-26,Sea,360.15698515619835
Delhi,Potato,272.87,2024-08-17,Road,443.92928947588575
Peshawar,Spinach,347.78,2024-07-30,Road,477.0498132664042
Karachi,Broccoli,278.52,2024-07-29,Road,151.5547745222752
Bangalore,Carrot,319.22,2024-08-14,Sea,47.265058779312376
Kolkata,Cabbage,376.65,2024-08-10,Rail,376.04772193779837
Islamabad,Cabbage,339.16,2024-08-23,Sea,77.59424803735423
Hyderabad,Broccoli,187.77,2024-08-06,Sea,149.79607573456929
Islamabad,Capsicum,58.2,2024-08-02,Air,364.60496743166584
Bangalore,Broccoli,298.02,2024-07-25,Sea,121.97039769806656
Hyderabad,Cauliflower,277.57,2024-08-01,Sea,386.7070281004759
Chennai,Carrot,424.08,2024-08-18,Sea,109.55819404344643
Bangalore,Onion,353.14,2024-08-24,Sea,22.388170158531985
Chennai,Cabbage,404.61,2024-08-09,Sea,413.13418932152206
Delhi,Onion,69.44,2024-08-19,Road,352.4659579042074
Chennai,Carrot,387.53,2024-08-16,Road,146.08766200976004
Bangalore,Carrot,94.46,2024-08-16,Road,19.779941135960343
Delhi,Spinach,158.09,2024-08-22,Sea,293.48038258237756
Lahore,Cabbage,300.71,2024-07-27,Sea,316.149187741918
Hyderabad,Peas,159.64,2024-08-13,Road,44.95070192464421
Chennai,Broccoli,433.51,2024-08-03,Sea,462.3242208096547
Peshawar,Peas,475.25,2024-07-30,Air,389.99404985527053
Peshawar,Cabbage,111.92,2024-08-01,Sea,450.27252259998676
Delhi,Cauliflower,427.12,2024-08-16,Sea,86.27113159204619
Islamabad,Onion,181.93,2024-08-13,Sea,22.30355672461592
Chennai,Broccoli,378.38,2024-08-16,Air,394.84363399343914
Delhi,Capsicum,120.56,2024-08-04,Road,82.96086015486544
Delhi,Spinach,279.64,2024-07-26,Road,375.74742632364297
Kolkata,Carrot,108.03,2024-08-15,Sea,496.31783506440786
Lahore,Onion,136.96,2024-08-11,Air,452.1485897407823
Chennai,Spinach,303.69,2024-08-12,Road,491.42733627298435
Bangalore,Capsicum,451.16,2024-08-23,Road,471.9939605721542
Kolkata,Broccoli,461.63,2024-08-16,Rail,348.6967361006404
Hyderabad,Potato,495.4,2024-07-31,Air,362.1835940739387
Peshawar,Spinach,270.23,2024-08-14,Sea,407.1701467423646
Mumbai,Cauliflower,211.87,2024-08-04,Sea,250.8796619295336
Delhi,Potato,410.1,2024-08-19,Air,137.1860517355925
Lahore,Potato,404.11,2024-07-25,Sea,84.7833277137754
Peshawar,Capsicum,245.88,2024-08-24,Rail,128.31497430680122
Delhi,Peas,204.2,2024-08-13,Rail,172.28603614706478
Bangalore,Tomato,240.51,2024-07-27,Rail,123.27060033728583
Mumbai,Peas,340.95,2024-08-16,Rail,472.41909231613016
Mumbai,Spinach,138.16,2024-08-06,Rail,265.9736262565825
Hyderabad,Spinach,173.54,2024-08-08,Sea,215.7611241430818
Peshawar,Potato,259.41,2024-08-06,Rail,207.93559750541033
Chennai,Cauliflower,260.61,2024-08-17,Road,257.15047216290833
Delhi,Broccoli,165.43,2024-07-28,Sea,360.68321563741114
Bangalore,Peas,447.36,2024-07-27,Rail,138.22077051645542
Delhi,Peas,189.27,2024-08-10,Sea,298.4137992580314
Hyderabad,Spinach,249.6,2024-08-10,Sea,168.27760622633195
Bangalore,Spinach,191.38,2024-08-09,Rail,394.4013396169062
Islamabad,Cabbage,279.27,2024-08-12,Air,159.64416209301177
Kolkata,Tomato,491.81,2024-08-22,Road,464.44271599518885
Bangalore,Broccoli,446.82,2024-07-30,Air,133.1909174513396
Delhi,Peas,432.66,2024-08-18,Sea,175.4991273827142
Kolkata,Cauliflower,240.72,2024-07-28,Road,356.175106344226
Kolkata,Peas,358.49,2024-07-25,Air,482.5360499224023
Karachi,Cabbage,77.45,2024-07-29,Air,350.93349197443916
Bangalore,Spinach,199.28,2024-08-03,Air,345.1690825368255
Karachi,Onion,63.9,2024-08-09,Air,91.00988822161644
Kolkata,Potato,73.86,2024-08-15,Road,377.9949514830493
Peshawar,Cabbage,315.66,2024-08-18,Rail,124.7851786491212
Delhi,Broccoli,247.8,2024-08-21,Sea,114.8750411355362
Peshawar,Cabbage,498.41,2024-08-11,Rail,395.63886437681913
Hyderabad,Tomato,318.97,2024-08-04,Rail,242.47095188322626
Lahore,Potato,285.79,2024-08-21,Rail,404.023624737679
Chennai,Capsicum,371.46,2024-07-25,Rail,310.8752922776957
Hyderabad,Cabbage,149.53,2024-07-25,Air,300.54240540276805
Kolkata,Broccoli,296.79,2024-08-12,Air,239.36928306444324
Bangalore,Carrot,143.12,2024-08-07,Sea,467.6351576555263
Hyderabad,Cabbage,62.38,2024-08-05,Air,316.94213558656065
Hyderabad,Spinach,416.44,2024-08-11,Sea,163.3507947795346
Karachi,Broccoli,368.69,2024-08-17,Air,164.58270409210704
Kolkata,Potato,127.4,2024-08-03,Air,23.135003443719558
Chennai,Carrot,465.06,2024-08-24,Air,223.83329069546227
Bangalore,Capsicum,277.25,2024-08-09,Sea,223.76816767741832
Bangalore,Tomato,60.64,2024-08-02,Road,128.40194496342198
Lahore,Cabbage,122.48,2024-08-17,Rail,473.47178967849163
Mumbai,Carrot,343.4,2024-07-25,Rail,283.2585457862475
Islamabad,Capsicum,390.45,2024-08-07,Sea,370.1119351438438
Peshawar,Onion,231.21,2024-08-21,Rail,209.35789153371235
Chennai,Cauliflower,389.15,2024-08-19,Sea,360.1008032864208
Peshawar,Spinach,220.07,2024-07-25,Air,31.132488422358854
Delhi,Peas,352.94,2024-08-12,Sea,198.7694143966754
Islamabad,Cabbage,268.14,2024-08-15,Sea,199.35814511251647
Lahore,Onion,346.83,2024-08-01,Rail,243.57966370160875
Hyderabad,Carrot,120.15,2024-08-20,Road,492.8733867308013
Mumbai,Potato,184.36,2024-08-15,Road,263.0013254906448
Islamabad,Carrot,380.49,2024-08-16,Rail,73.68089737375738
Karachi,Broccoli,146.42,2024-08-18,Rail,72.47227987729784
Kolkata,Cabbage,427.45,2024-08-05,Road,418.2500906486463
Peshawar,Tomato,174.24,2024-08-19,Road,380.16440929206556
Hyderabad,Onion,445.22,2024-08-22,Sea,470.19267966978356
Islamabad,Cabbage,125.84,2024-07-29,Air,44.98753748728299
Peshawar,Tomato,162.04,2024-07-31,Air,33.70671705769067
Delhi,Spinach,309.3,2024-07-26,Road,261.9074150728453
Delhi,Cauliflower,220.51,2024-08-22,Air,306.5017944984537
Chennai,Spinach,320.34,2024-08-14,Road,357.9901406559048
Kolkata,Capsicum,403.28,2024-08-22,Road,260.23774493674637
Hyderabad,Onion,394.93,2024-07-29,Road,305.1665951442173
Kolkata,Capsicum,289.32,2024-08-09,Rail,298.3811749164456
Peshawar,Broccoli,98.41,2024-08-12,Sea,278.45673483500553
Bangalore,Capsicum,319.74,2024-08-20,Sea,499.85320090022054
Hyderabad,Onion,382.53,2024-08-01,Road,460.31293482533556
Peshawar,Carrot,130.93,2024-08-08,Sea,419.7779252028734
Karachi,Cabbage,459.03,2024-08-19,Sea,349.3475146768102
Bangalore,Carrot,329.9,2024-08-22,Rail,73.56582068931908
Chennai,Capsicum,226.22,2024-08-04,Air,200.71418710750925
Hyderabad,Cabbage,173.91,2024-08-01,Road,136.3036651224184
Peshawar,Onion,242.77,2024-08-22,Rail,485.6078961913412
Delhi,Capsicum,495.56,2024-08-18,Air,329.58112340099393
Bangalore,Carrot,487.11,2024-08-24,Sea,73.21022616838503
Peshawar,Carrot,440.07,2024-08-17,Rail,367.601888366377
